year,race_name,round_number,event_format,lap_number,overtaker,overtaken,overtaker_prev_pos,overtaker_next_pos,overtaken_prev_pos,overtaken_next_pos,position_gain,consecutive_before,consecutive_after,pit_related,accurate_timing,safety_car,yellow_flag,lap1_or_restart_like
2024,Bahrain Grand Prix,1,conventional,2,SAR,RIC,15,14,14,15,1,True,True,False,False,False,False,True
2024,Bahrain Grand Prix,1,conventional,3,NOR,ALO,7,6,6,7,1,True,True,False,True,False,False,False
2024,Bahrain Grand Prix,1,conventional,3,RUS,LEC,3,2,2,3,1,True,True,False,True,False,False,False
2024,Bahrain Grand Prix,1,conventional,5,PIA,ALO,8,7,7,8,1,True,True,False,True,False,False,False
2024,Bahrain Grand Prix,1,conventional,5,STR,BOT,19,18,18,19,1,True,True,False,True,False,False,False
2024,Bahrain Grand Prix,1,conventional,7,PER,LEC,4,3,3,4,1,True,True,False,True,False,False,False
2024,Bahrain Grand Prix,1,conventional,10,HAM,ALO,9,8,8,9,1,True,True,False,True,False,False,False
2024,Bahrain Grand Prix,1,conventional,17,SAI,LEC,5,4,4,5,1,True,True,False,True,False,False,False
2024,Bahrain Grand Prix,1,conventional,17,TSU,STR,12,11,11,12,1,True,True,False,True,False,False,False
2024,Bahrain Grand Prix,1,conventional,18,SAI,RUS,4,3,3,4,1,True,True,False,True,False,False,False
2024,Bahrain Grand Prix,1,conventional,21,RIC,OCO,16,15,15,16,1,True,True,False,True,False,False,False
2024,Bahrain Grand Prix,1,conventional,33,STR,ZHO,15,13,14,14,2,True,True,False,True,False,False,False
2024,Bahrain Grand Prix,1,conventional,34,RUS,ALO,9,6,8,7,3,True,True,False,True,False,False,False
2024,Bahrain Grand Prix,1,conventional,36,NOR,ALO,7,6,5,7,1,False,True,False,True,False,False,False
2024,Bahrain Grand Prix,1,conventional,38,MAG,HUL,13,12,12,14,1,True,False,False,True,False,False,False
2024,Bahrain Grand Prix,1,conventional,38,TSU,HUL,14,13,12,14,1,False,True,False,True,False,False,False
2024,Bahrain Grand Prix,1,conventional,39,HAM,ALO,8,7,7,8,1,True,True,False,True,False,False,False
2024,Bahrain Grand Prix,1,conventional,40,PIA,ALO,9,8,8,9,1,True,True,False,True,False,False,False
2024,Bahrain Grand Prix,1,conventional,44,ALO,ZHO,11,10,10,11,1,True,True,False,True,False,False,False
2024,Bahrain Grand Prix,1,conventional,46,LEC,RUS,5,4,4,5,1,True,True,False,True,False,False,False
2024,Bahrain Grand Prix,1,conventional,48,ALO,STR,10,9,9,10,1,True,True,False,True,False,False,False
2024,Bahrain Grand Prix,1,conventional,50,HUL,OCO,17,16,16,17,1,True,True,False,True,False,False,False
2024,Bahrain Grand Prix,1,conventional,52,RIC,TSU,14,13,13,14,1,True,True,False,True,False,False,False
2024,Saudi Arabian Grand Prix,2,conventional,2,PIA,ALO,5,4,4,5,1,True,True,False,False,False,False,True
2024,Saudi Arabian Grand Prix,2,conventional,4,PER,LEC,3,2,2,3,1,True,True,False,True,False,False,False
2024,Saudi Arabian Grand Prix,2,conventional,10,BEA,TSU,12,11,11,12,1,True,True,False,False,False,False,False
2024,Saudi Arabian Grand Prix,2,conventional,10,OCO,ALB,15,14,14,15,1,True,True,False,False,False,False,False
2024,Saudi Arabian Grand Prix,2,conventional,13,PER,HAM,4,3,3,4,1,True,True,False,True,False,False,False
2024,Saudi Arabian Grand Prix,2,conventional,13,VER,NOR,2,1,1,2,1,True,True,False,True,False,False,False
2024,Saudi Arabian Grand Prix,2,conventional,14,BEA,ZHO,11,10,10,11,1,True,True,False,True,False,False,False
2024,Saudi Arabian Grand Prix,2,conventional,14,RUS,HUL,9,8,8,9,1,True,True,False,True,False,False,False
2024,Saudi Arabian Grand Prix,2,conventional,15,LEC,HAM,5,4,4,5,1,True,True,False,True,False,False,False
2024,Saudi Arabian Grand Prix,2,conventional,16,SAR,BOT,17,16,16,17,1,True,True,False,True,False,False,False
2024,Saudi Arabian Grand Prix,2,conventional,17,MAG,TSU,13,12,12,13,1,True,True,False,True,False,False,False
2024,Saudi Arabian Grand Prix,2,conventional,18,BEA,HUL,10,9,9,10,1,True,True,False,True,False,False,False
2024,Saudi Arabian Grand Prix,2,conventional,18,PER,NOR,3,2,2,3,1,True,True,False,True,False,False,False
2024,Saudi Arabian Grand Prix,2,conventional,19,HUL,BEA,10,9,9,10,1,True,True,False,True,False,False,False
2024,Saudi Arabian Grand Prix,2,conventional,21,BEA,HUL,10,9,9,10,1,True,True,False,True,False,False,False
2024,Saudi Arabian Grand Prix,2,conventional,24,RIC,BOT,18,17,17,18,1,True,True,False,True,False,False,False
2024,Saudi Arabian Grand Prix,2,conventional,27,LEC,NOR,4,3,3,4,1,True,True,False,True,False,False,False
2024,Saudi Arabian Grand Prix,2,conventional,29,OCO,TSU,14,13,13,14,1,True,True,False,True,False,False,False
2024,Saudi Arabian Grand Prix,2,conventional,33,ALB,TSU,15,14,14,15,1,True,True,False,True,False,False,False
2024,Saudi Arabian Grand Prix,2,conventional,43,ALB,OCO,13,12,12,13,1,True,True,False,True,False,False,False
2024,Australian Grand Prix,3,conventional,2,SAI,VER,2,1,1,2,1,True,True,False,False,False,False,True
2024,Australian Grand Prix,3,conventional,12,PIA,HUL,7,6,6,7,1,True,True,False,True,False,False,False
2024,Australian Grand Prix,3,conventional,16,RUS,GAS,8,7,7,8,1,True,True,False,True,False,False,False
2024,Australian Grand Prix,3,conventional,18,PER,STR,8,7,7,8,1,True,True,False,False,False,False,False
2024,Australian Grand Prix,3,conventional,21,PER,RUS,7,6,6,7,1,True,True,False,True,False,False,False
2024,Australian Grand Prix,3,conventional,23,HUL,MAG,12,11,11,12,1,True,True,False,True,False,False,False
2024,Australian Grand Prix,3,conventional,27,PER,ALO,6,5,5,6,1,True,True,False,True,False,False,False
2024,Australian Grand Prix,3,conventional,29,NOR,PIA,4,3,3,4,1,True,True,False,True,False,False,False
2024,Australian Grand Prix,3,conventional,38,RIC,OCO,15,14,14,15,1,True,True,False,True,False,False,False
2024,Australian Grand Prix,3,conventional,40,TSU,GAS,10,9,9,10,1,True,True,False,True,False,False,False
2024,Australian Grand Prix,3,conventional,44,MAG,ALB,12,11,11,12,1,True,True,False,True,False,False,False
2024,Japanese Grand Prix,4,conventional,5,BOT,OCO,12,11,11,12,1,True,True,False,True,False,False,False
2024,Japanese Grand Prix,4,conventional,5,RUS,TSU,10,9,9,10,1,True,True,False,True,False,False,False
2024,Japanese Grand Prix,4,conventional,6,STR,OCO,13,11,12,13,2,True,False,False,True,False,False,False
2024,Japanese Grand Prix,4,conventional,8,MAG,GAS,14,12,13,13,2,True,True,False,True,False,False,False
2024,Japanese Grand Prix,4,conventional,11,SAR,GAS,14,13,13,14,1,True,True,False,True,False,False,False
2024,Japanese Grand Prix,4,conventional,13,BOT,GAS,15,13,14,15,2,True,False,False,True,False,False,False
2024,Japanese Grand Prix,4,conventional,13,MAG,OCO,12,9,11,10,3,True,True,False,True,False,False,False
2024,Japanese Grand Prix,4,conventional,13,RUS,HAM,8,6,7,7,2,True,True,False,True,False,False,False
2024,Japanese Grand Prix,4,conventional,13,TSU,GAS,16,14,14,15,2,False,True,False,True,False,False,False
2024,Japanese Grand Prix,4,conventional,14,HUL,GAS,16,15,15,17,1,True,False,False,True,False,False,False
2024,Japanese Grand Prix,4,conventional,15,SAR,OCO,12,11,11,12,1,True,True,False,True,False,False,False
2024,Japanese Grand Prix,4,conventional,15,STR,HUL,16,15,15,16,1,True,True,False,True,False,False,False
2024,Japanese Grand Prix,4,conventional,16,BOT,OCO,13,12,12,13,1,True,True,False,True,False,False,False
2024,Japanese Grand Prix,4,conventional,17,NOR,HAM,5,4,4,6,1,True,False,False,True,False,False,False
2024,Japanese Grand Prix,4,conventional,17,STR,OCO,15,14,13,15,1,False,True,False,True,False,False,False
2024,Japanese Grand Prix,4,conventional,17,TSU,OCO,14,13,13,15,1,True,False,False,True,False,False,False
2024,Japanese Grand Prix,4,conventional,18,BOT,SAR,12,11,11,12,1,True,True,False,True,False,False,False
2024,Japanese Grand Prix,4,conventional,18,HUL,OCO,16,15,15,16,1,True,True,False,True,False,False,False
2024,Japanese Grand Prix,4,conventional,18,NOR,RUS,4,3,3,5,1,True,False,False,True,False,False,False
2024,Japanese Grand Prix,4,conventional,18,PER,RUS,5,4,3,5,1,False,True,False,True,False,False,False
2024,Japanese Grand Prix,4,conventional,19,SAI,HAM,7,6,6,7,1,True,True,False,True,False,False,False
2024,Japanese Grand Prix,4,conventional,21,SAI,RUS,6,5,5,6,1,True,True,False,True,False,False,False
2024,Japanese Grand Prix,4,conventional,21,VER,LEC,2,1,1,2,1,True,True,False,True,False,False,False
2024,Japanese Grand Prix,4,conventional,22,ALO,HAM,8,6,7,8,2,True,False,False,True,False,False,False
2024,Japanese Grand Prix,4,conventional,22,PER,NOR,4,3,3,4,1,True,True,False,True,False,False,False
2024,Japanese Grand Prix,4,conventional,25,BOT,OCO,15,14,14,15,1,True,True,False,True,False,False,False
2024,Japanese Grand Prix,4,conventional,27,SAR,OCO,16,15,15,16,1,True,True,False,True,False,False,False
2024,Japanese Grand Prix,4,conventional,36,PER,LEC,4,3,3,4,1,True,True,False,True,False,False,False
2024,Japanese Grand Prix,4,conventional,44,SAI,NOR,5,4,4,5,1,True,True,False,True,False,False,False
2024,Japanese Grand Prix,4,conventional,45,STR,BOT,13,12,12,13,1,True,True,False,True,False,False,False
2024,Japanese Grand Prix,4,conventional,46,HUL,BOT,14,13,13,14,1,True,True,False,True,False,False,False
2024,Japanese Grand Prix,4,conventional,46,SAI,LEC,4,3,3,4,1,True,True,False,True,False,False,False
2024,Japanese Grand Prix,4,conventional,46,STR,MAG,12,11,11,12,1,True,True,False,True,False,False,False
2024,Japanese Grand Prix,4,conventional,48,HUL,MAG,13,12,12,13,1,True,True,False,True,False,False,False
2024,Japanese Grand Prix,4,conventional,52,HUL,STR,12,11,11,12,1,True,True,False,True,False,False,False
2024,Japanese Grand Prix,4,conventional,53,RUS,PIA,8,7,7,8,1,True,True,False,True,False,False,False
2024,Chinese Grand Prix,5,sprint_qualifying,2,MAG,ZHO,18,17,17,18,1,True,True,False,False,False,False,True
2024,Chinese Grand Prix,5,sprint_qualifying,2,SAI,HUL,9,8,8,10,1,True,False,False,False,False,False,True
2024,Chinese Grand Prix,5,sprint_qualifying,2,STR,HUL,10,9,8,10,1,False,True,False,False,False,False,True
2024,Chinese Grand Prix,5,sprint_qualifying,3,HAM,ZHO,19,18,18,19,1,True,True,False,True,False,False,False
2024,Chinese Grand Prix,5,sprint_qualifying,4,HAM,MAG,18,17,17,18,1,True,True,False,True,False,False,False
2024,Chinese Grand Prix,5,sprint_qualifying,5,PER,ALO,3,2,2,3,1,True,True,False,True,False,False,False
2024,Chinese Grand Prix,5,sprint_qualifying,7,BOT,HUL,11,10,10,11,1,True,True,False,True,False,False,False
2024,Chinese Grand Prix,5,sprint_qualifying,7,NOR,ALO,4,3,3,4,1,True,True,False,True,False,False,False
2024,Chinese Grand Prix,5,sprint_qualifying,9,LEC,RUS,7,6,6,7,1,True,True,False,True,False,False,False
2024,Chinese Grand Prix,5,sprint_qualifying,11,LEC,PIA,6,4,5,5,2,True,True,False,True,False,False,False
2024,Chinese Grand Prix,5,sprint_qualifying,13,HAM,TSU,17,15,16,16,2,True,True,False,True,False,False,False
2024,Chinese Grand Prix,5,sprint_qualifying,15,STR,MAG,11,9,10,10,2,True,True,False,True,False,False,False
2024,Chinese Grand Prix,5,sprint_qualifying,16,VER,LEC,3,2,2,3,1,True,True,False,True,False,False,False
2024,Chinese Grand Prix,5,sprint_qualifying,17,RIC,ALB,17,16,16,17,1,True,True,False,True,False,False,False
2024,Chinese Grand Prix,5,sprint_qualifying,19,RIC,TSU,15,14,14,15,1,True,True,False,True,False,False,False
2024,Chinese Grand Prix,5,sprint_qualifying,19,VER,NOR,2,1,1,2,1,True,True,False,True,False,False,False
2024,Chinese Grand Prix,5,sprint_qualifying,26,HUL,RIC,11,9,9,10,2,False,True,False,False,False,False,False
2024,Chinese Grand Prix,5,sprint_qualifying,27,ALO,SAI,6,5,5,6,1,True,True,False,False,False,False,False
2024,Chinese Grand Prix,5,sprint_qualifying,27,HAM,OCO,12,11,11,12,1,True,True,False,False,False,False,False
2024,Chinese Grand Prix,5,sprint_qualifying,28,RIC,HUL,10,9,9,10,1,True,True,False,False,False,False,False
2024,Chinese Grand Prix,5,sprint_qualifying,32,HAM,RIC,11,10,9,12,1,False,False,False,False,False,False,False
2024,Chinese Grand Prix,5,sprint_qualifying,32,HUL,RIC,10,9,9,12,1,True,False,False,False,False,False,False
2024,Chinese Grand Prix,5,sprint_qualifying,32,OCO,RIC,12,11,9,12,1,False,True,False,False,False,False,False
2024,Chinese Grand Prix,5,sprint_qualifying,33,GAS,ZHO,16,14,15,15,2,True,True,False,True,False,False,False
2024,Chinese Grand Prix,5,sprint_qualifying,34,STR,MAG,17,16,16,17,1,True,True,False,True,False,False,False
2024,Chinese Grand Prix,5,sprint_qualifying,37,GAS,SAR,14,13,13,14,1,True,True,False,True,False,False,False
2024,Chinese Grand Prix,5,sprint_qualifying,38,ZHO,SAR,15,13,14,14,2,True,True,False,True,False,False,False
2024,Chinese Grand Prix,5,sprint_qualifying,39,PER,LEC,4,3,3,4,1,True,True,False,True,False,False,False
2024,Chinese Grand Prix,5,sprint_qualifying,41,HAM,HUL,10,9,9,10,1,True,True,False,True,False,False,False
2024,Chinese Grand Prix,5,sprint_qualifying,43,MAG,SAR,14,13,13,14,1,True,True,False,True,False,False,False
2024,Chinese Grand Prix,5,sprint_qualifying,46,ALO,OCO,11,10,10,11,1,True,True,False,True,False,False,False
2024,Chinese Grand Prix,5,sprint_qualifying,47,ALO,HUL,10,9,9,10,1,True,True,False,True,False,False,False
2024,Chinese Grand Prix,5,sprint_qualifying,48,GAS,SAR,15,14,14,15,1,True,True,False,True,False,False,False
2024,Chinese Grand Prix,5,sprint_qualifying,49,ALO,HAM,9,7,8,9,2,True,False,False,True,False,False,False
2024,Chinese Grand Prix,5,sprint_qualifying,49,ALO,PIA,9,7,7,8,2,False,True,False,True,False,False,False
2024,Chinese Grand Prix,5,sprint_qualifying,49,ZHO,SAR,16,15,15,16,1,True,True,False,True,False,False,False
2024,Chinese Grand Prix,5,sprint_qualifying,53,GAS,MAG,14,13,13,15,1,True,False,False,True,False,False,False
2024,Chinese Grand Prix,5,sprint_qualifying,53,ZHO,MAG,15,14,13,15,1,False,True,False,True,False,False,False
2024,Chinese Grand Prix,5,sprint_qualifying,55,STR,SAR,17,16,16,17,1,True,True,False,True,False,False,False
2024,Miami Grand Prix,6,sprint_qualifying,2,ALB,OCO,15,14,14,15,1,True,True,False,False,False,False,True
2024,Miami Grand Prix,6,sprint_qualifying,2,BOT,MAG,19,18,17,19,1,False,True,False,False,False,False,True
2024,Miami Grand Prix,6,sprint_qualifying,2,GAS,ALO,13,12,12,13,1,True,True,False,False,False,False,True
2024,Miami Grand Prix,6,sprint_qualifying,2,HUL,HAM,8,7,7,8,1,True,True,False,False,False,False,True
2024,Miami Grand Prix,6,sprint_qualifying,2,ZHO,MAG,18,17,17,19,1,True,False,False,False,False,False,True
2024,Miami Grand Prix,6,sprint_qualifying,4,PIA,LEC,3,2,2,3,1,True,True,False,True,False,False,False
2024,Miami Grand Prix,6,sprint_qualifying,5,RUS,TSU,10,9,9,10,1,True,True,False,True,False,False,False
2024,Miami Grand Prix,6,sprint_qualifying,10,HAM,HUL,8,7,7,8,1,True,True,False,True,False,False,False
2024,Miami Grand Prix,6,sprint_qualifying,12,OCO,ALO,13,10,12,11,3,True,True,False,True,False,False,False
2024,Miami Grand Prix,6,sprint_qualifying,24,PER,TSU,9,7,8,8,2,True,True,False,False,False,False,False
2024,Miami Grand Prix,6,sprint_qualifying,25,ALO,HUL,14,13,13,14,1,True,True,False,True,False,False,False
2024,Miami Grand Prix,6,sprint_qualifying,27,GAS,HUL,15,14,14,15,1,True,True,False,True,False,False,False
2024,Miami Grand Prix,6,sprint_qualifying,27,RUS,RIC,11,10,10,11,1,True,True,False,True,False,False,False
2024,Miami Grand Prix,6,sprint_qualifying,34,HAM,TSU,8,7,7,8,1,True,True,False,True,False,False,False
2024,Miami Grand Prix,6,sprint_qualifying,34,HUL,RIC,16,15,15,16,1,True,True,False,True,False,False,False
2024,Miami Grand Prix,6,sprint_qualifying,39,SAI,PIA,5,4,4,5,1,True,True,False,True,False,False,False
2024,Miami Grand Prix,6,sprint_qualifying,40,HUL,ZHO,15,14,14,15,1,True,True,False,True,False,False,False
2024,Miami Grand Prix,6,sprint_qualifying,41,HUL,ALB,14,12,13,13,2,True,True,False,True,False,False,False
2024,Miami Grand Prix,6,sprint_qualifying,45,STR,RIC,16,15,15,16,1,True,True,False,True,False,False,False
2024,Miami Grand Prix,6,sprint_qualifying,46,HUL,GAS,12,11,11,12,1,True,True,False,True,False,False,False
2024,Miami Grand Prix,6,sprint_qualifying,46,PIA,MAG,19,18,18,19,1,True,True,False,True,False,False,False
2024,Miami Grand Prix,6,sprint_qualifying,48,ALO,OCO,10,9,9,10,1,True,True,False,True,False,False,False
2024,Miami Grand Prix,6,sprint_qualifying,48,PIA,BOT,18,17,17,18,1,True,True,False,True,False,False,False
2024,Miami Grand Prix,6,sprint_qualifying,48,STR,ZHO,15,14,14,15,1,True,True,False,True,False,False,False
2024,Miami Grand Prix,6,sprint_qualifying,52,STR,ALB,14,13,13,15,1,True,False,False,True,False,False,False
2024,Miami Grand Prix,6,sprint_qualifying,52,ZHO,ALB,15,14,13,15,1,False,True,False,True,False,False,False
2024,Miami Grand Prix,6,sprint_qualifying,54,PIA,RIC,16,15,15,16,1,True,True,False,True,False,False,False
2024,Miami Grand Prix,6,sprint_qualifying,57,PIA,ZHO,15,14,14,15,1,True,True,False,True,False,False,False
2024,Emilia Romagna Grand Prix,7,conventional,10,STR,OCO,13,12,12,13,1,True,True,False,True,False,False,False
2024,Emilia Romagna Grand Prix,7,conventional,26,HUL,SAR,15,13,13,14,2,False,True,False,True,False,False,False
2024,Emilia Romagna Grand Prix,7,conventional,26,TSU,SAR,14,12,13,14,2,True,False,False,True,False,False,False
2024,Emilia Romagna Grand Prix,7,conventional,27,PIA,PER,7,6,5,7,1,False,True,False,True,False,False,False
2024,Emilia Romagna Grand Prix,7,conventional,27,RUS,STR,9,8,8,9,1,True,True,False,True,False,False,False
2024,Emilia Romagna Grand Prix,7,conventional,30,SAI,PER,6,5,5,6,1,True,True,False,True,False,False,False
2024,Emilia Romagna Grand Prix,7,conventional,31,HAM,STR,9,8,8,9,1,True,True,False,True,False,False,False
2024,Emilia Romagna Grand Prix,7,conventional,31,RUS,PER,7,6,6,7,1,True,True,False,True,False,False,False
2024,Emilia Romagna Grand Prix,7,conventional,37,OCO,ALO,16,15,15,16,1,True,True,False,True,False,False,False
2024,Emilia Romagna Grand Prix,7,conventional,40,PER,HUL,10,9,9,10,1,True,True,False,True,False,False,False
2024,Emilia Romagna Grand Prix,7,conventional,40,STR,BOT,13,12,12,13,1,True,True,False,True,False,False,False
2024,Emilia Romagna Grand Prix,7,conventional,42,PER,TSU,9,8,8,9,1,True,True,False,True,False,False,False
2024,Emilia Romagna Grand Prix,7,conventional,43,STR,RIC,12,11,11,12,1,True,True,False,True,False,False,False
2024,Emilia Romagna Grand Prix,7,conventional,46,STR,HUL,11,10,10,11,1,True,True,False,True,False,False,False
2024,Emilia Romagna Grand Prix,7,conventional,48,MAG,ZHO,16,15,15,16,1,True,True,False,True,False,False,False
2024,Emilia Romagna Grand Prix,7,conventional,50,MAG,OCO,15,14,14,15,1,True,True,False,True,False,False,False
2024,Emilia Romagna Grand Prix,7,conventional,50,STR,TSU,10,9,9,10,1,True,True,False,True,False,False,False
2024,Emilia Romagna Grand Prix,7,conventional,51,MAG,BOT,14,13,13,14,1,True,True,False,True,False,False,False
2024,Emilia Romagna Grand Prix,7,conventional,52,ALO,SAR,19,18,18,19,1,True,True,False,True,False,False,False
2024,Emilia Romagna Grand Prix,7,conventional,59,OCO,BOT,15,14,14,15,1,True,True,False,True,False,False,False
2024,Emilia Romagna Grand Prix,7,conventional,60,ZHO,BOT,16,15,15,16,1,True,True,False,True,False,False,False
2024,Emilia Romagna Grand Prix,7,conventional,61,GAS,BOT,17,16,16,18,1,True,False,False,True,False,False,False
2024,Emilia Romagna Grand Prix,7,conventional,61,SAR,BOT,18,17,16,18,1,False,True,False,True,False,False,False
2024,Emilia Romagna Grand Prix,7,conventional,62,MAG,RIC,13,12,12,13,1,True,True,False,True,False,False,False
2024,Monaco Grand Prix,8,conventional,50,BOT,ZHO,15,14,14,15,1,True,True,False,True,False,False,False
2024,Monaco Grand Prix,8,conventional,51,BOT,SAR,14,13,13,14,1,True,True,False,True,False,False,False
2024,Monaco Grand Prix,8,conventional,55,STR,ZHO,16,15,15,16,1,True,True,False,True,False,False,False
2024,Monaco Grand Prix,8,conventional,56,STR,SAR,15,14,14,15,1,True,True,False,True,False,False,False
2024,Monaco Grand Prix,8,conventional,68,SAR,ZHO,16,15,15,16,1,True,True,False,True,False,False,False
2024,Canadian Grand Prix,9,conventional,2,HUL,ALB,13,10,12,13,3,True,False,False,False,False,False,True
2024,Canadian Grand Prix,9,conventional,2,HUL,LEC,13,10,10,11,3,False,True,False,False,False,False,True
2024,Canadian Grand Prix,9,conventional,2,HUL,TSU,13,10,11,12,3,False,False,False,False,False,False,True
2024,Canadian Grand Prix,9,conventional,2,MAG,ALO,8,5,5,6,3,False,True,False,False,False,False,True
2024,Canadian Grand Prix,9,conventional,2,MAG,HAM,8,5,6,7,3,False,False,False,False,False,False,True
2024,Canadian Grand Prix,9,conventional,2,MAG,RIC,8,5,7,8,3,True,False,False,False,False,False,True
2024,Canadian Grand Prix,9,conventional,2,SAR,SAI,15,14,14,15,1,True,True,False,False,False,False,True
2024,Canadian Grand Prix,9,conventional,3,HUL,RIC,10,8,8,9,2,False,True,False,True,False,False,False
2024,Canadian Grand Prix,9,conventional,3,HUL,STR,10,8,9,10,2,True,False,False,True,False,False,False
2024,Canadian Grand Prix,9,conventional,3,MAG,PIA,5,4,4,5,1,True,True,False,True,False,False,False
2024,Canadian Grand Prix,9,conventional,3,SAI,SAR,15,14,14,15,1,True,True,False,True,False,False,False
2024,Canadian Grand Prix,9,conventional,6,BOT,SAR,19,18,15,20,1,False,False,False,True,False,False,False
2024,Canadian Grand Prix,9,conventional,6,GAS,SAR,18,17,15,20,1,False,False,False,True,False,False,False
2024,Canadian Grand Prix,9,conventional,6,OCO,SAR,16,15,15,20,1,True,False,False,True,False,False,False
2024,Canadian Grand Prix,9,conventional,6,PER,SAR,17,16,15,20,1,False,False,False,True,False,False,False
2024,Canadian Grand Prix,9,conventional,6,ZHO,SAR,20,19,15,20,1,False,True,False,True,False,False,False
2024,Canadian Grand Prix,9,conventional,11,RIC,HUL,8,7,7,8,1,True,True,False,True,False,False,False
2024,Canadian Grand Prix,9,conventional,19,ALB,TSU,11,10,10,11,1,True,True,False,True,False,False,False
2024,Canadian Grand Prix,9,conventional,20,ALB,LEC,10,9,9,10,1,True,True,False,True,False,False,False
2024,Canadian Grand Prix,9,conventional,20,HUL,ZHO,19,18,18,19,1,True,True,False,True,False,False,False
2024,Canadian Grand Prix,9,conventional,20,NOR,VER,3,2,2,3,1,True,True,False,True,False,False,False
2024,Canadian Grand Prix,9,conventional,21,GAS,PER,16,15,15,16,1,True,True,False,True,False,False,False
2024,Canadian Grand Prix,9,conventional,21,NOR,RUS,2,1,1,3,1,True,False,False,True,False,False,False
2024,Canadian Grand Prix,9,conventional,21,TSU,LEC,11,10,10,11,1,True,True,False,True,False,False,False
2024,Canadian Grand Prix,9,conventional,21,VER,RUS,3,2,1,3,1,False,True,False,True,False,False,False
2024,Canadian Grand Prix,9,conventional,30,ALB,OCO,11,9,9,10,2,False,True,False,False,False,False,False
2024,Canadian Grand Prix,9,conventional,30,ALB,RIC,11,9,10,11,2,True,False,False,False,False,False,False
2024,Canadian Grand Prix,9,conventional,31,GAS,MAG,15,14,14,15,1,True,True,False,True,False,False,False
2024,Canadian Grand Prix,9,conventional,31,ZHO,HUL,18,17,17,18,1,True,True,False,True,False,False,False
2024,Canadian Grand Prix,9,conventional,37,HUL,ZHO,18,17,17,18,1,True,True,False,True,False,False,False
2024,Canadian Grand Prix,9,conventional,37,PER,MAG,16,15,15,16,1,True,True,False,True,False,False,False
2024,Canadian Grand Prix,9,conventional,43,OCO,ALB,10,9,9,10,1,True,True,False,True,False,False,False
2024,Canadian Grand Prix,9,conventional,45,GAS,BOT,16,15,15,16,1,True,True,False,True,False,False,False
2024,Canadian Grand Prix,9,conventional,47,GAS,HUL,15,14,14,15,1,True,True,False,True,False,False,False
2024,Canadian Grand Prix,9,conventional,47,SAI,RIC,12,11,11,12,1,True,True,False,True,False,False,False
2024,Canadian Grand Prix,9,conventional,51,NOR,RUS,3,2,2,3,1,True,True,False,True,False,False,False
2024,Canadian Grand Prix,9,conventional,52,SAI,ALB,11,10,10,11,1,True,True,False,True,False,False,False
2024,Canadian Grand Prix,9,conventional,52,STR,TSU,8,7,7,8,1,True,True,False,True,False,False,False
2024,Canadian Grand Prix,9,conventional,61,OCO,TSU,9,8,8,9,1,True,True,False,True,False,False,False
2024,Canadian Grand Prix,9,conventional,63,HAM,RUS,5,4,4,5,1,True,True,False,True,False,False,False
2024,Canadian Grand Prix,9,conventional,65,HAM,PIA,4,3,3,4,1,True,True,False,True,False,False,False
2024,Canadian Grand Prix,9,conventional,66,BOT,TSU,13,13,9,14,0,False,True,False,True,False,False,False
2024,Canadian Grand Prix,9,conventional,66,GAS,TSU,11,10,9,14,1,False,False,False,True,False,False,False
2024,Canadian Grand Prix,9,conventional,66,HUL,TSU,12,11,9,14,1,False,False,False,True,False,False,False
2024,Canadian Grand Prix,9,conventional,66,MAG,BOT,14,12,13,13,2,True,True,False,True,False,False,False
2024,Canadian Grand Prix,9,conventional,66,MAG,TSU,14,12,9,14,2,False,False,False,True,False,False,False
2024,Canadian Grand Prix,9,conventional,66,RIC,TSU,10,9,9,14,1,True,False,False,True,False,False,False
2024,Canadian Grand Prix,9,conventional,66,RUS,PIA,5,4,4,5,1,True,True,False,True,False,False,False
2024,Canadian Grand Prix,9,conventional,67,RIC,OCO,9,8,8,9,1,True,True,False,True,False,False,False
2024,Canadian Grand Prix,9,conventional,68,RUS,HAM,4,3,3,4,1,True,True,False,True,False,False,False
2024,Canadian Grand Prix,9,conventional,69,GAS,OCO,10,9,9,10,1,True,True,False,True,False,False,False
2024,Spanish Grand Prix,10,conventional,2,RIC,SAR,19,18,18,19,1,True,True,False,False,False,False,True
2024,Spanish Grand Prix,10,conventional,3,SAI,LEC,6,5,5,6,1,True,True,False,True,False,False,False
2024,Spanish Grand Prix,10,conventional,3,VER,RUS,2,1,1,2,1,True,True,False,True,False,False,False
2024,Spanish Grand Prix,10,conventional,6,ALB,SAR,20,19,19,20,1,True,True,False,True,False,False,False
2024,Spanish Grand Prix,10,conventional,6,MAG,TSU,16,15,15,16,1,True,True,False,True,False,False,False
2024,Spanish Grand Prix,10,conventional,6,STR,ALO,13,12,12,13,1,True,True,False,True,False,False,False
2024,Spanish Grand Prix,10,conventional,7,BOT,ALO,14,13,13,14,1,True,True,False,True,False,False,False
2024,Spanish Grand Prix,10,conventional,7,ZHO,TSU,17,16,16,17,1,True,True,False,True,False,False,False
2024,Spanish Grand Prix,10,conventional,14,BOT,ZHO,18,17,17,18,1,True,True,False,True,False,False,False
2024,Spanish Grand Prix,10,conventional,16,OCO,ALB,12,10,11,13,2,True,False,False,True,False,False,False
2024,Spanish Grand Prix,10,conventional,17,GAS,OCO,11,10,10,11,1,True,True,False,True,False,False,False
2024,Spanish Grand Prix,10,conventional,17,PER,ALB,14,12,13,13,2,True,True,False,True,False,False,False
2024,Spanish Grand Prix,10,conventional,19,HAM,SAI,7,6,6,7,1,True,True,False,True,False,False,False
2024,Spanish Grand Prix,10,conventional,20,STR,MAG,16,14,15,15,2,True,True,False,True,False,False,False
2024,Spanish Grand Prix,10,conventional,22,RIC,TSU,18,17,17,18,1,True,True,False,True,False,False,False
2024,Spanish Grand Prix,10,conventional,23,ALO,MAG,16,15,15,16,1,True,True,False,True,False,False,False
2024,Spanish Grand Prix,10,conventional,24,ALB,SAR,20,19,19,20,1,True,True,False,True,False,False,False
2024,Spanish Grand Prix,10,conventional,25,ZHO,BOT,13,12,12,13,1,True,True,False,True,False,False,False
2024,Spanish Grand Prix,10,conventional,26,STR,BOT,14,13,13,14,1,True,True,False,True,False,False,False
2024,Spanish Grand Prix,10,conventional,27,ALO,BOT,15,14,14,15,1,True,True,False,True,False,False,False
2024,Spanish Grand Prix,10,conventional,27,LEC,GAS,7,6,6,7,1,True,True,False,True,False,False,False
2024,Spanish Grand Prix,10,conventional,27,NOR,SAI,5,4,4,5,1,True,True,False,True,False,False,False
2024,Spanish Grand Prix,10,conventional,28,PIA,PER,10,9,9,10,1,True,True,False,True,False,False,False
2024,Spanish Grand Prix,10,conventional,29,PIA,OCO,9,8,8,9,1,True,True,False,True,False,False,False
2024,Spanish Grand Prix,10,conventional,30,PER,OCO,10,9,9,10,1,True,True,False,True,False,False,False
2024,Spanish Grand Prix,10,conventional,32,NOR,HAM,4,3,3,4,1,True,True,False,True,False,False,False
2024,Spanish Grand Prix,10,conventional,33,BOT,SAR,18,17,17,18,1,True,True,False,True,False,False,False
2024,Spanish Grand Prix,10,conventional,34,PER,ALO,14,13,13,14,1,True,True,False,True,False,False,False
2024,Spanish Grand Prix,10,conventional,34,PIA,GAS,8,7,7,8,1,True,True,False,True,False,False,False
2024,Spanish Grand Prix,10,conventional,35,NOR,RUS,3,2,2,3,1,True,True,False,True,False,False,False
2024,Spanish Grand Prix,10,conventional,35,PER,STR,13,12,12,13,1,True,True,False,True,False,False,False
2024,Spanish Grand Prix,10,conventional,36,PER,ZHO,12,11,11,12,1,True,True,False,True,False,False,False
2024,Spanish Grand Prix,10,conventional,40,OCO,RIC,13,12,12,13,1,True,True,False,True,False,False,False
2024,Spanish Grand Prix,10,conventional,41,STR,BOT,17,16,16,17,1,True,True,False,True,False,False,False
2024,Spanish Grand Prix,10,conventional,42,MAG,TSU,19,18,18,19,1,True,True,False,True,False,False,False
2024,Spanish Grand Prix,10,conventional,44,ZHO,STR,14,13,13,14,1,True,True,False,True,False,False,False
2024,Spanish Grand Prix,10,conventional,46,HAM,SAI,7,5,6,6,2,True,True,False,True,False,False,False
2024,Spanish Grand Prix,10,conventional,52,HAM,RUS,4,3,3,4,1,True,True,False,True,False,False,False
2024,Spanish Grand Prix,10,conventional,53,ALO,ZHO,13,12,12,13,1,True,True,False,True,False,False,False
2024,Spanish Grand Prix,10,conventional,55,LEC,SAI,6,5,5,6,1,True,True,False,True,False,False,False
2024,Spanish Grand Prix,10,conventional,55,TSU,SAR,20,19,19,20,1,True,True,False,True,False,False,False
2024,Spanish Grand Prix,10,conventional,57,RIC,MAG,17,16,16,17,1,True,True,False,True,False,False,False
2024,Spanish Grand Prix,10,conventional,60,RIC,BOT,16,15,15,16,1,True,True,False,True,False,False,False
2024,Spanish Grand Prix,10,conventional,66,PER,GAS,9,8,8,9,1,True,True,False,True,False,False,False
2024,Austrian Grand Prix,11,sprint_qualifying,2,HUL,OCO,9,8,8,9,1,True,True,False,False,False,False,True
2024,Austrian Grand Prix,11,sprint_qualifying,2,STR,BOT,17,16,16,17,1,True,True,False,False,False,False,True
2024,Austrian Grand Prix,11,sprint_qualifying,2,TSU,ALO,14,13,13,14,1,True,True,False,False,False,False,True
2024,Austrian Grand Prix,11,sprint_qualifying,6,SAI,HAM,5,4,4,5,1,True,True,False,True,False,False,False
2024,Austrian Grand Prix,11,sprint_qualifying,7,PIA,PER,7,6,6,7,1,True,True,False,True,False,False,False
2024,Austrian Grand Prix,11,sprint_qualifying,18,HUL,ZHO,14,13,13,15,1,True,False,False,True,False,False,False
2024,Austrian Grand Prix,11,sprint_qualifying,18,MAG,ZHO,15,14,13,15,1,False,True,False,True,False,False,False
2024,Austrian Grand Prix,11,sprint_qualifying,20,ALO,ZHO,17,14,15,15,3,False,True,False,True,False,False,False
2024,Austrian Grand Prix,11,sprint_qualifying,20,RIC,ZHO,16,13,15,15,3,True,False,False,True,False,False,False
2024,Austrian Grand Prix,11,sprint_qualifying,21,ALB,ZHO,16,13,15,15,3,True,False,False,True,False,False,False
2024,Austrian Grand Prix,11,sprint_qualifying,23,OCO,ALB,13,12,12,13,1,True,True,False,True,False,False,False
2024,Austrian Grand Prix,11,sprint_qualifying,24,PER,MAG,9,8,8,9,1,True,True,False,True,False,False,False
2024,Austrian Grand Prix,11,sprint_qualifying,25,GAS,ALB,14,13,13,14,1,True,True,False,True,False,False,False
2024,Austrian Grand Prix,11,sprint_qualifying,25,STR,ZHO,17,16,15,17,1,False,True,False,True,False,False,False
2024,Austrian Grand Prix,11,sprint_qualifying,25,TSU,ZHO,16,15,15,17,1,True,False,False,True,False,False,False
2024,Austrian Grand Prix,11,sprint_qualifying,26,BOT,ZHO,18,17,17,18,1,True,True,False,True,False,False,False
2024,Austrian Grand Prix,11,sprint_qualifying,27,PER,HUL,8,7,7,8,1,True,True,False,True,False,False,False
2024,Austrian Grand Prix,11,sprint_qualifying,37,TSU,ALB,14,13,13,14,1,True,True,False,True,False,False,False
2024,Austrian Grand Prix,11,sprint_qualifying,40,GAS,OCO,10,8,9,9,2,True,True,False,True,False,False,False
2024,Austrian Grand Prix,11,sprint_qualifying,48,PIA,HAM,4,3,3,4,1,True,True,False,True,False,False,False
2024,Austrian Grand Prix,11,sprint_qualifying,50,GAS,LEC,12,11,11,12,1,True,True,False,True,False,False,False
2024,Austrian Grand Prix,11,sprint_qualifying,54,BOT,ALO,17,17,16,18,0,True,True,False,True,False,False,False
2024,Austrian Grand Prix,11,sprint_qualifying,54,LEC,ALO,18,16,16,18,2,False,False,False,True,False,False,False
2024,Austrian Grand Prix,11,sprint_qualifying,54,LEC,BOT,18,16,17,17,2,True,True,False,True,False,False,False
2024,Austrian Grand Prix,11,sprint_qualifying,54,STR,ALB,14,13,13,14,1,True,True,False,True,False,False,False
2024,Austrian Grand Prix,11,sprint_qualifying,56,PER,MAG,9,8,8,9,1,True,True,False,True,False,False,False
2024,Austrian Grand Prix,11,sprint_qualifying,57,LEC,TSU,16,15,15,16,1,True,True,False,True,False,False,False
2024,Austrian Grand Prix,11,sprint_qualifying,60,LEC,ALB,15,14,14,15,1,True,True,False,True,False,False,False
2024,Austrian Grand Prix,11,sprint_qualifying,62,LEC,STR,14,13,13,14,1,True,True,False,True,False,False,False
2024,Austrian Grand Prix,11,sprint_qualifying,65,PIA,SAI,3,2,2,3,1,True,True,False,True,False,False,False
2024,Austrian Grand Prix,11,sprint_qualifying,70,LEC,OCO,12,11,11,12,1,True,True,False,True,False,False,False
2024,British Grand Prix,12,conventional,4,PER,BOT,19,18,18,19,1,True,True,False,True,False,False,False
2024,British Grand Prix,12,conventional,7,MAG,OCO,17,16,16,18,1,True,False,False,True,False,False,False
2024,British Grand Prix,12,conventional,7,PER,OCO,18,17,16,18,1,False,True,False,True,False,False,False
2024,British Grand Prix,12,conventional,7,RIC,ZHO,15,14,14,15,1,True,True,False,True,False,False,False
2024,British Grand Prix,12,conventional,8,MAG,ZHO,16,15,15,18,1,True,False,False,True,False,False,False
2024,British Grand Prix,12,conventional,8,OCO,ZHO,18,17,15,18,1,False,True,False,True,False,False,False
2024,British Grand Prix,12,conventional,8,PER,ZHO,17,16,15,18,1,False,False,False,True,False,False,False
2024,British Grand Prix,12,conventional,10,BOT,ZHO,19,18,18,19,1,True,True,False,True,False,False,False
2024,British Grand Prix,12,conventional,13,LEC,STR,8,7,7,8,1,True,True,False,True,False,False,False
2024,British Grand Prix,12,conventional,14,BOT,OCO,18,17,17,18,1,True,True,False,True,False,False,False
2024,British Grand Prix,12,conventional,15,NOR,VER,4,3,3,4,1,True,True,False,True,False,False,False
2024,British Grand Prix,12,conventional,16,MAG,RIC,15,14,14,15,1,True,True,False,True,False,False,False
2024,British Grand Prix,12,conventional,17,PER,RIC,16,15,15,16,1,True,True,False,True,False,False,False
2024,British Grand Prix,12,conventional,17,PIA,VER,5,4,4,5,1,True,True,False,True,False,False,False
2024,British Grand Prix,12,conventional,18,HAM,RUS,2,1,1,2,1,True,True,False,True,False,False,False
2024,British Grand Prix,12,conventional,19,HUL,STR,9,8,8,9,1,True,True,False,True,False,False,False
2024,British Grand Prix,12,conventional,19,NOR,RUS,3,2,2,3,1,True,True,False,True,False,False,False
2024,British Grand Prix,12,conventional,20,ALO,STR,10,8,9,9,2,True,True,False,True,False,False,False
2024,British Grand Prix,12,conventional,20,NOR,HAM,2,1,1,3,1,True,False,False,True,False,False,False
2024,British Grand Prix,12,conventional,20,PIA,HAM,4,2,1,3,2,False,True,False,True,False,False,False
2024,British Grand Prix,12,conventional,20,PIA,RUS,4,2,3,4,2,True,False,False,True,False,False,False
2024,British Grand Prix,12,conventional,23,MAG,SAR,13,12,12,13,1,True,True,False,True,False,False,False
2024,British Grand Prix,12,conventional,44,SAR,MAG,12,11,11,12,1,True,True,False,True,False,False,False
2024,British Grand Prix,12,conventional,45,ALB,TSU,10,9,9,10,1,True,True,False,True,False,False,False
2024,British Grand Prix,12,conventional,48,VER,NOR,3,2,2,3,1,True,True,False,True,False,False,False
2024,British Grand Prix,12,conventional,50,LEC,BOT,15,14,14,15,1,True,True,False,True,False,False,False
2024,Hungarian Grand Prix,13,conventional,2,SAR,PER,18,16,17,18,2,True,False,False,False,False,False,True
2024,Hungarian Grand Prix,13,conventional,3,SAI,ALO,7,6,6,7,1,True,True,False,True,False,False,False
2024,Hungarian Grand Prix,13,conventional,4,NOR,VER,3,2,2,3,1,True,True,False,True,False,False,False
2024,Hungarian Grand Prix,13,conventional,18,STR,ALB,14,13,13,14,1,True,True,False,True,False,False,False
2024,Hungarian Grand Prix,13,conventional,19,BOT,OCO,18,17,17,18,1,True,True,False,True,False,False,False
2024,Hungarian Grand Prix,13,conventional,24,SAI,PER,9,8,8,9,1,True,True,False,True,False,False,False
2024,Hungarian Grand Prix,13,conventional,25,SAI,RUS,8,7,7,8,1,True,True,False,True,False,False,False
2024,Hungarian Grand Prix,13,conventional,26,SAI,TSU,7,6,6,7,1,True,True,False,True,False,False,False
2024,Hungarian Grand Prix,13,conventional,27,ALO,HUL,12,11,11,12,1,True,True,False,True,False,False,False
2024,Hungarian Grand Prix,13,conventional,28,STR,HUL,13,11,12,13,2,True,False,False,True,False,False,False
2024,Hungarian Grand Prix,13,conventional,31,PER,MAG,12,11,11,12,1,True,True,False,True,False,False,False
2024,Hungarian Grand Prix,13,conventional,32,GAS,ZHO,16,15,15,16,1,True,True,False,True,False,False,False
2024,Hungarian Grand Prix,13,conventional,33,PER,TSU,11,10,10,11,1,True,True,False,True,False,False,False
2024,Hungarian Grand Prix,13,conventional,34,RIC,ZHO,17,14,16,15,3,True,True,False,True,False,False,False
2024,Hungarian Grand Prix,13,conventional,35,ALB,ZHO,17,15,15,16,2,False,True,False,True,False,False,False
2024,Hungarian Grand Prix,13,conventional,35,HUL,ZHO,16,14,15,16,2,True,False,False,True,False,False,False
2024,Hungarian Grand Prix,13,conventional,36,PER,STR,9,8,8,9,1,True,True,False,True,False,False,False
2024,Hungarian Grand Prix,13,conventional,37,RUS,TSU,11,10,10,11,1,True,True,False,True,False,False,False
2024,Hungarian Grand Prix,13,conventional,38,RUS,STR,10,8,9,9,2,True,True,False,True,False,False,False
2024,Hungarian Grand Prix,13,conventional,42,ALO,BOT,12,11,11,12,1,True,True,False,True,False,False,False
2024,Hungarian Grand Prix,13,conventional,44,RIC,BOT,13,12,12,13,1,True,True,False,True,False,False,False
2024,Hungarian Grand Prix,13,conventional,48,STR,HUL,13,12,12,13,1,True,True,False,True,False,False,False
2024,Hungarian Grand Prix,13,conventional,55,STR,RIC,12,11,11,12,1,True,True,False,True,False,False,False
2024,Hungarian Grand Prix,13,conventional,57,VER,LEC,5,4,4,5,1,True,True,False,True,False,False,False
2024,Hungarian Grand Prix,13,conventional,61,BOT,SAR,18,17,17,18,1,True,True,False,True,False,False,False
2024,Hungarian Grand Prix,13,conventional,63,LEC,VER,5,4,4,5,1,True,True,False,True,False,False,False
2024,Hungarian Grand Prix,13,conventional,65,STR,ALO,11,10,10,11,1,True,True,False,True,False,False,False
2024,Hungarian Grand Prix,13,conventional,67,SAR,ZHO,18,17,17,18,1,True,True,False,True,False,False,False
2024,Hungarian Grand Prix,13,conventional,68,PIA,NOR,2,1,1,2,1,True,True,False,True,False,False,False
2024,Hungarian Grand Prix,13,conventional,69,OCO,ZHO,19,18,18,19,1,True,True,False,True,False,False,False
2024,Belgian Grand Prix,14,conventional,2,VER,ALO,9,8,8,9,1,True,True,False,False,False,False,True
2024,Belgian Grand Prix,14,conventional,3,HAM,LEC,2,1,1,2,1,True,True,False,True,False,False,False
2024,Belgian Grand Prix,14,conventional,3,SAR,ZHO,20,19,18,20,1,False,True,False,False,False,False,False
2024,Belgian Grand Prix,14,conventional,3,TSU,ZHO,19,18,18,20,1,True,False,False,False,False,False,False
2024,Belgian Grand Prix,14,conventional,15,OCO,GAS,16,14,15,15,2,True,True,False,True,False,False,False
2024,Belgian Grand Prix,14,conventional,16,OCO,HUL,14,13,13,14,1,True,True,False,True,False,False,False
2024,Belgian Grand Prix,14,conventional,17,GAS,HUL,15,14,14,15,1,True,True,False,True,False,False,False
2024,Belgian Grand Prix,14,conventional,19,BOT,HUL,15,14,14,15,1,True,True,False,True,False,False,False
2024,Belgian Grand Prix,14,conventional,20,OCO,ALO,12,11,11,12,1,True,True,False,True,False,False,False
2024,Belgian Grand Prix,14,conventional,22,MAG,SAR,17,15,16,16,2,True,True,False,True,False,False,False
2024,Belgian Grand Prix,14,conventional,26,RIC,MAG,15,14,14,15,1,True,True,False,True,False,False,False
2024,Belgian Grand Prix,14,conventional,27,ALB,MAG,16,15,15,16,1,True,True,False,True,False,False,False
2024,Belgian Grand Prix,14,conventional,36,PIA,LEC,4,3,3,4,1,True,True,False,True,False,False,False
2024,Belgian Grand Prix,14,conventional,37,RIC,STR,11,10,10,11,1,True,True,False,True,False,False,False
2024,Belgian Grand Prix,14,conventional,38,OCO,STR,12,11,11,12,1,True,True,False,True,False,False,False
2024,Belgian Grand Prix,14,conventional,39,SAI,PER,8,7,7,8,1,True,True,False,True,False,False,False
2024,Belgian Grand Prix,14,conventional,41,GAS,MAG,15,14,14,15,1,True,True,False,True,False,False,False
2024,Belgian Grand Prix,14,conventional,41,OCO,RIC,11,10,10,11,1,True,True,False,True,False,False,False
2024,Belgian Grand Prix,14,conventional,43,SAR,HUL,19,18,18,19,1,True,True,False,True,False,False,False
2024,Dutch Grand Prix,15,conventional,2,HAM,TSU,13,12,12,13,1,True,True,False,False,False,False,True
2024,Dutch Grand Prix,15,conventional,3,ZHO,MAG,20,19,19,20,1,True,True,False,True,False,False,False
2024,Dutch Grand Prix,15,conventional,8,MAG,ZHO,20,19,19,20,1,True,True,False,True,False,False,False
2024,Dutch Grand Prix,15,conventional,8,SAI,ALO,9,8,8,9,1,True,True,False,True,False,False,False
2024,Dutch Grand Prix,15,conventional,10,HAM,HUL,12,11,11,12,1,True,True,False,True,False,False,False
2024,Dutch Grand Prix,15,conventional,11,SAI,GAS,8,7,7,8,1,True,True,False,True,False,False,False
2024,Dutch Grand Prix,15,conventional,14,HAM,STR,11,10,10,11,1,True,True,False,True,False,False,False
2024,Dutch Grand Prix,15,conventional,16,HAM,ALO,10,9,9,10,1,True,True,False,True,False,False,False
2024,Dutch Grand Prix,15,conventional,17,MAG,SAR,15,14,14,15,1,True,True,False,True,False,False,False
2024,Dutch Grand Prix,15,conventional,18,NOR,VER,2,1,1,2,1,True,True,False,True,False,False,False
2024,Dutch Grand Prix,15,conventional,22,MAG,OCO,14,13,13,14,1,True,True,False,True,False,False,False
2024,Dutch Grand Prix,15,conventional,25,HUL,OCO,14,13,13,14,1,True,True,False,True,False,False,False
2024,Dutch Grand Prix,15,conventional,27,HAM,OCO,15,14,14,15,1,True,True,False,True,False,False,False
2024,Dutch Grand Prix,15,conventional,28,LEC,GAS,7,6,6,7,1,True,True,False,True,False,False,False
2024,Dutch Grand Prix,15,conventional,29,HAM,HUL,14,12,13,13,2,True,True,False,True,False,False,False
2024,Dutch Grand Prix,15,conventional,29,RUS,GAS,8,7,7,8,1,True,True,False,True,False,False,False
2024,Dutch Grand Prix,15,conventional,30,HAM,MAG,12,10,11,12,2,True,False,False,True,False,False,False
2024,Dutch Grand Prix,15,conventional,32,HUL,MAG,12,10,11,11,2,True,True,False,True,False,False,False
2024,Dutch Grand Prix,15,conventional,33,STR,BOT,16,14,15,15,2,True,True,False,True,False,False,False
2024,Dutch Grand Prix,15,conventional,36,RIC,BOT,16,15,15,16,1,True,True,False,True,False,False,False
2024,Dutch Grand Prix,15,conventional,39,ALB,MAG,11,10,10,13,1,True,False,False,True,False,False,False
2024,Dutch Grand Prix,15,conventional,39,ALO,MAG,13,12,10,13,1,False,True,False,True,False,False,False
2024,Dutch Grand Prix,15,conventional,39,GAS,MAG,12,11,10,13,1,False,False,False,True,False,False,False
2024,Dutch Grand Prix,15,conventional,40,GAS,ALB,11,10,10,11,1,True,True,False,True,False,False,False
2024,Dutch Grand Prix,15,conventional,40,PIA,RUS,5,4,4,5,1,True,True,False,True,False,False,False
2024,Dutch Grand Prix,15,conventional,41,ALO,ALB,12,11,11,12,1,True,True,False,True,False,False,False
2024,Dutch Grand Prix,15,conventional,41,OCO,SAR,18,16,17,17,2,True,True,False,True,False,False,False
2024,Dutch Grand Prix,15,conventional,43,STR,ALB,13,12,12,13,1,True,True,False,True,False,False,False
2024,Dutch Grand Prix,15,conventional,46,RIC,ALB,14,13,13,14,1,True,True,False,True,False,False,False
2024,Dutch Grand Prix,15,conventional,47,SAI,PER,7,6,6,7,1,True,True,False,True,False,False,False
2024,Dutch Grand Prix,15,conventional,57,ALB,MAG,18,17,17,18,1,True,True,False,True,False,False,False
2024,Dutch Grand Prix,15,conventional,58,ALB,SAR,17,15,15,16,2,False,True,False,True,False,False,False
2024,Dutch Grand Prix,15,conventional,58,ALB,TSU,17,15,16,17,2,True,False,False,True,False,False,False
2024,Dutch Grand Prix,15,conventional,60,GAS,HUL,10,9,9,10,1,True,True,False,True,False,False,False
2024,Dutch Grand Prix,15,conventional,63,ALO,HUL,11,10,10,11,1,True,True,False,True,False,False,False
2024,Dutch Grand Prix,15,conventional,69,ALB,OCO,15,14,14,15,1,True,True,False,True,False,False,False
2024,Italian Grand Prix,16,conventional,2,COL,STR,18,17,17,18,1,True,True,False,False,False,False,True
2024,Italian Grand Prix,16,conventional,2,OCO,TSU,15,14,14,15,1,True,True,False,False,False,False,True
2024,Italian Grand Prix,16,conventional,5,BOT,TSU,19,17,15,19,2,False,False,False,True,False,False,False
2024,Italian Grand Prix,16,conventional,5,COL,TSU,17,15,15,19,2,False,False,False,True,False,False,False
2024,Italian Grand Prix,16,conventional,5,STR,TSU,18,16,15,19,2,False,False,False,True,False,False,False
2024,Italian Grand Prix,16,conventional,6,ZHO,TSU,20,18,19,19,2,True,True,False,True,False,False,False
2024,Italian Grand Prix,16,conventional,7,STR,COL,16,15,15,16,1,True,True,False,True,False,False,False
2024,Italian Grand Prix,16,conventional,9,OCO,GAS,14,13,13,14,1,True,True,False,True,False,False,False
2024,Italian Grand Prix,16,conventional,18,HAM,STR,10,8,9,9,2,True,True,False,True,False,False,False
2024,Italian Grand Prix,16,conventional,20,HAM,OCO,8,7,7,8,1,True,True,False,True,False,False,False
2024,Italian Grand Prix,16,conventional,21,RUS,BOT,10,9,9,10,1,True,True,False,True,False,False,False
2024,Italian Grand Prix,16,conventional,22,ALO,BOT,11,10,10,11,1,True,True,False,True,False,False,False
2024,Italian Grand Prix,16,conventional,23,MAG,GAS,14,13,13,14,1,True,True,False,True,False,False,False
2024,Italian Grand Prix,16,conventional,25,ALB,BOT,12,11,11,12,1,True,True,False,True,False,False,False
2024,Italian Grand Prix,16,conventional,25,RUS,OCO,9,8,7,9,1,False,True,False,True,False,False,False
2024,Italian Grand Prix,16,conventional,26,MAG,BOT,13,12,12,13,1,True,True,False,True,False,False,False
2024,Italian Grand Prix,16,conventional,27,ALO,OCO,10,9,9,10,1,True,True,False,True,False,False,False
2024,Italian Grand Prix,16,conventional,27,RIC,GAS,15,14,14,15,1,True,True,False,True,False,False,False
2024,Italian Grand Prix,16,conventional,29,RIC,BOT,14,13,13,14,1,True,True,False,True,False,False,False
2024,Italian Grand Prix,16,conventional,32,COL,BOT,15,13,14,15,2,True,False,False,True,False,False,False
2024,Italian Grand Prix,16,conventional,32,STR,BOT,16,14,14,15,2,False,True,False,True,False,False,False
2024,Italian Grand Prix,16,conventional,33,MAG,ALB,11,10,10,11,1,True,True,False,True,False,False,False
2024,Italian Grand Prix,16,conventional,37,RUS,ALB,10,9,8,10,1,False,True,False,True,False,False,False
2024,Italian Grand Prix,16,conventional,38,RUS,PER,9,8,8,9,1,True,True,False,True,False,False,False
2024,Italian Grand Prix,16,conventional,41,STR,ZHO,16,15,15,16,1,True,True,False,True,False,False,False
2024,Italian Grand Prix,16,conventional,42,GAS,ZHO,17,16,16,17,1,True,True,False,True,False,False,False
2024,Italian Grand Prix,16,conventional,42,RUS,MAG,8,7,7,8,1,True,True,False,True,False,False,False
2024,Italian Grand Prix,16,conventional,43,ALO,COL,13,12,12,13,1,True,True,False,True,False,False,False
2024,Italian Grand Prix,16,conventional,44,PER,MAG,9,8,8,9,1,True,True,False,True,False,False,False
2024,Italian Grand Prix,16,conventional,45,PIA,SAI,3,2,2,3,1,True,True,False,True,False,False,False
2024,Italian Grand Prix,16,conventional,46,ALO,RIC,12,11,11,12,1,True,True,False,True,False,False,False
2024,Italian Grand Prix,16,conventional,47,BOT,ZHO,18,17,17,18,1,True,True,False,True,False,False,False
2024,Italian Grand Prix,16,conventional,48,NOR,SAI,4,3,3,4,1,True,True,False,True,False,False,False
2024,Italian Grand Prix,16,conventional,49,HUL,ZHO,19,18,18,19,1,True,True,False,True,False,False,False
2024,Azerbaijan Grand Prix,17,conventional,3,HUL,TSU,13,12,11,14,1,False,False,False,True,False,False,False
2024,Azerbaijan Grand Prix,17,conventional,3,NOR,TSU,12,11,11,14,1,True,False,False,True,False,False,False
2024,Azerbaijan Grand Prix,17,conventional,3,RIC,TSU,14,13,11,14,1,False,True,False,True,False,False,False
2024,Azerbaijan Grand Prix,17,conventional,4,GAS,TSU,15,14,14,16,1,True,False,False,True,False,False,False
2024,Azerbaijan Grand Prix,17,conventional,4,HAM,TSU,16,15,14,16,1,False,True,False,True,False,False,False
2024,Azerbaijan Grand Prix,17,conventional,8,NOR,BEA,11,10,10,11,1,True,True,False,True,False,False,False
2024,Azerbaijan Grand Prix,17,conventional,10,HUL,BEA,12,11,11,12,1,True,True,False,True,False,False,False
2024,Azerbaijan Grand Prix,17,conventional,10,OCO,BOT,19,18,17,19,1,False,True,False,True,False,False,False
2024,Azerbaijan Grand Prix,17,conventional,10,ZHO,BOT,18,17,17,19,1,True,False,False,True,False,False,False
2024,Azerbaijan Grand Prix,17,conventional,11,ZHO,TSU,17,16,16,17,1,True,True,False,True,False,False,False
2024,Azerbaijan Grand Prix,17,conventional,14,GAS,RIC,11,9,10,11,2,True,False,False,True,False,False,False
2024,Azerbaijan Grand Prix,17,conventional,15,ALO,RIC,13,11,11,12,2,False,True,False,True,False,False,False
2024,Azerbaijan Grand Prix,17,conventional,15,HAM,STR,18,17,17,18,1,True,True,False,True,False,False,False
2024,Azerbaijan Grand Prix,17,conventional,15,RUS,GAS,10,9,9,10,1,True,True,False,True,False,False,False
2024,Azerbaijan Grand Prix,17,conventional,16,ALO,GAS,11,9,10,10,2,True,True,False,True,False,False,False
2024,Azerbaijan Grand Prix,17,conventional,16,COL,RIC,13,11,12,12,2,True,True,False,True,False,False,False
2024,Azerbaijan Grand Prix,17,conventional,16,PER,NOR,6,5,5,6,1,True,True,False,True,False,False,False
2024,Azerbaijan Grand Prix,17,conventional,17,BEA,ZHO,15,14,14,15,1,True,True,False,True,False,False,False
2024,Azerbaijan Grand Prix,17,conventional,17,HAM,OCO,17,16,16,17,1,True,True,False,True,False,False,False
2024,Azerbaijan Grand Prix,17,conventional,18,HAM,ZHO,16,15,15,16,1,True,True,False,True,False,False,False
2024,Azerbaijan Grand Prix,17,conventional,19,COL,GAS,11,10,10,11,1,True,True,False,True,False,False,False
2024,Azerbaijan Grand Prix,17,conventional,19,PER,ALB,4,3,3,4,1,True,True,False,True,False,False,False
2024,Azerbaijan Grand Prix,17,conventional,20,HUL,RIC,13,12,12,13,1,True,True,False,True,False,False,False
2024,Azerbaijan Grand Prix,17,conventional,20,PIA,LEC,2,1,1,2,1,True,True,False,True,False,False,False
2024,Azerbaijan Grand Prix,17,conventional,22,BEA,RIC,14,13,13,15,1,True,False,False,True,False,False,False
2024,Azerbaijan Grand Prix,17,conventional,22,HAM,RIC,15,14,13,15,1,False,True,False,True,False,False,False
2024,Azerbaijan Grand Prix,17,conventional,23,SAI,NOR,6,5,5,6,1,True,True,False,True,False,False,False
2024,Azerbaijan Grand Prix,17,conventional,24,SAI,ALB,5,4,4,5,1,True,True,False,True,False,False,False
2024,Azerbaijan Grand Prix,17,conventional,25,HUL,GAS,12,11,11,12,1,True,True,False,True,False,False,False
2024,Azerbaijan Grand Prix,17,conventional,30,BEA,GAS,13,12,12,14,1,True,False,False,True,False,False,False
2024,Azerbaijan Grand Prix,17,conventional,30,HAM,GAS,14,13,12,14,1,False,True,False,True,False,False,False
2024,Azerbaijan Grand Prix,17,conventional,33,STR,BOT,19,18,18,19,1,True,True,False,True,False,False,False
2024,Azerbaijan Grand Prix,17,conventional,34,RUS,VER,7,6,6,7,1,True,True,False,True,False,False,False
2024,Azerbaijan Grand Prix,17,conventional,35,HUL,COL,10,9,9,10,1,True,True,False,True,False,False,False
2024,Azerbaijan Grand Prix,17,conventional,36,ALB,COL,11,10,10,11,1,True,True,False,True,False,False,False
2024,Azerbaijan Grand Prix,17,conventional,38,ALB,HUL,10,9,9,10,1,True,True,False,True,False,False,False
2024,Azerbaijan Grand Prix,17,conventional,41,HAM,BEA,13,12,12,13,1,True,True,False,True,False,False,False
2024,Azerbaijan Grand Prix,17,conventional,46,ZHO,BOT,18,17,17,18,1,True,True,False,True,False,False,False
2024,Azerbaijan Grand Prix,17,conventional,48,ZHO,OCO,17,16,16,17,1,True,True,False,True,False,False,False
2024,Azerbaijan Grand Prix,17,conventional,49,COL,HUL,11,10,10,11,1,True,True,False,True,False,False,False
2024,Azerbaijan Grand Prix,17,conventional,50,BEA,HUL,13,10,11,11,3,False,True,False,False,False,False,False
2024,Azerbaijan Grand Prix,17,conventional,50,HAM,HUL,12,9,11,11,3,True,False,False,False,False,False,False
2024,Singapore Grand Prix,18,conventional,6,ZHO,BOT,20,19,19,20,1,True,True,False,True,False,False,False
2024,Singapore Grand Prix,18,conventional,17,SAI,BOT,18,17,17,18,1,True,True,False,True,False,False,False
2024,Singapore Grand Prix,18,conventional,19,SAI,ZHO,17,16,16,17,1,True,True,False,True,False,False,False
2024,Singapore Grand Prix,18,conventional,21,SAI,STR,16,15,15,16,1,True,True,False,True,False,False,False
2024,Singapore Grand Prix,18,conventional,22,HAM,OCO,12,11,11,12,1,True,True,False,True,False,False,False
2024,Singapore Grand Prix,18,conventional,25,SAI,GAS,15,14,14,15,1,True,True,False,True,False,False,False
2024,Singapore Grand Prix,18,conventional,26,SAI,MAG,14,12,13,13,2,True,True,False,True,False,False,False
2024,Singapore Grand Prix,18,conventional,27,HAM,TSU,10,9,9,10,1,True,True,False,True,False,False,False
2024,Singapore Grand Prix,18,conventional,28,LEC,HUL,6,4,5,5,2,True,True,False,True,False,False,False
2024,Singapore Grand Prix,18,conventional,29,RIC,BOT,18,16,17,17,2,True,True,False,True,False,False,False
2024,Singapore Grand Prix,18,conventional,31,RIC,ZHO,15,14,14,15,1,True,True,False,True,False,False,False
2024,Singapore Grand Prix,18,conventional,36,RIC,GAS,13,12,12,13,1,True,True,False,True,False,False,False
2024,Singapore Grand Prix,18,conventional,40,LEC,ALO,8,7,7,8,1,True,True,False,True,False,False,False
2024,Singapore Grand Prix,18,conventional,41,TSU,RIC,13,12,12,13,1,True,True,False,True,False,False,False
2024,Singapore Grand Prix,18,conventional,42,LEC,SAI,7,6,6,7,1,True,True,False,True,False,False,False
2024,Singapore Grand Prix,18,conventional,45,MAG,RIC,15,14,13,15,1,False,True,False,True,False,False,False
2024,Singapore Grand Prix,18,conventional,45,OCO,RIC,14,13,13,15,1,True,False,False,True,False,False,False
2024,Singapore Grand Prix,18,conventional,45,PIA,RUS,4,3,3,4,1,True,True,False,True,False,False,False
2024,Singapore Grand Prix,18,conventional,50,LEC,HAM,6,5,5,6,1,True,True,False,True,False,False,False
2024,United States Grand Prix,19,sprint_qualifying,6,BOT,STR,16,15,12,18,1,False,False,False,False,False,False,False
2024,United States Grand Prix,19,sprint_qualifying,6,COL,STR,15,14,12,18,1,False,False,False,False,False,False,False
2024,United States Grand Prix,19,sprint_qualifying,6,LAW,STR,13,12,12,18,1,True,False,False,False,False,False,False
2024,United States Grand Prix,19,sprint_qualifying,6,OCO,STR,18,17,12,18,1,False,True,False,False,False,False,False
2024,United States Grand Prix,19,sprint_qualifying,6,RUS,STR,17,16,12,18,1,False,False,False,False,False,False,False
2024,United States Grand Prix,19,sprint_qualifying,6,ZHO,STR,14,13,12,18,1,False,False,False,False,False,False,False
2024,United States Grand Prix,19,sprint_qualifying,7,HUL,ALO,11,10,10,11,1,True,True,False,True,False,False,False
2024,United States Grand Prix,19,sprint_qualifying,10,ALB,ZHO,19,18,13,19,1,False,True,False,True,False,False,False
2024,United States Grand Prix,19,sprint_qualifying,10,BOT,ZHO,15,14,13,19,1,False,False,False,True,False,False,False
2024,United States Grand Prix,19,sprint_qualifying,10,COL,ZHO,14,13,13,19,1,True,False,False,True,False,False,False
2024,United States Grand Prix,19,sprint_qualifying,10,OCO,ZHO,17,16,13,19,1,False,False,False,True,False,False,False
2024,United States Grand Prix,19,sprint_qualifying,10,RUS,ZHO,16,15,13,19,1,False,False,False,True,False,False,False
2024,United States Grand Prix,19,sprint_qualifying,10,STR,ZHO,18,17,13,19,1,False,False,False,True,False,False,False
2024,United States Grand Prix,19,sprint_qualifying,11,LAW,ALO,12,11,11,12,1,True,True,False,True,False,False,False
2024,United States Grand Prix,19,sprint_qualifying,13,RUS,BOT,15,14,14,15,1,True,True,False,True,False,False,False
2024,United States Grand Prix,19,sprint_qualifying,14,RUS,COL,14,13,13,14,1,True,True,False,True,False,False,False
2024,United States Grand Prix,19,sprint_qualifying,17,PER,TSU,9,8,8,9,1,True,True,False,True,False,False,False
2024,United States Grand Prix,19,sprint_qualifying,17,RUS,ALO,13,12,12,13,1,True,True,False,True,False,False,False
2024,United States Grand Prix,19,sprint_qualifying,21,MAG,ALB,15,14,14,15,1,True,True,False,True,False,False,False
2024,United States Grand Prix,19,sprint_qualifying,21,RUS,LAW,9,8,8,9,1,True,True,False,True,False,False,False
2024,United States Grand Prix,19,sprint_qualifying,22,COL,ALO,11,10,10,11,1,True,True,False,True,False,False,False
2024,United States Grand Prix,19,sprint_qualifying,22,MAG,STR,14,13,13,14,1,True,True,False,True,False,False,False
2024,United States Grand Prix,19,sprint_qualifying,25,MAG,OCO,13,12,12,13,1,True,True,False,True,False,False,False
2024,United States Grand Prix,19,sprint_qualifying,26,ALB,STR,15,14,14,15,1,True,True,False,True,False,False,False
2024,United States Grand Prix,19,sprint_qualifying,27,GAS,ALB,16,14,14,15,2,False,True,False,True,False,False,False
2024,United States Grand Prix,19,sprint_qualifying,28,TSU,ALB,16,14,15,15,2,True,True,False,True,False,False,False
2024,United States Grand Prix,19,sprint_qualifying,31,LEC,PIA,3,2,2,3,1,True,True,False,True,False,False,False
2024,United States Grand Prix,19,sprint_qualifying,34,ALO,BOT,16,14,15,15,2,True,True,False,True,False,False,False
2024,United States Grand Prix,19,sprint_qualifying,37,PER,COL,9,7,8,8,2,True,True,False,True,False,False,False
2024,United States Grand Prix,19,sprint_qualifying,41,ALO,TSU,14,13,11,14,1,False,True,False,True,False,False,False
2024,United States Grand Prix,19,sprint_qualifying,41,MAG,TSU,13,12,11,14,1,False,False,False,True,False,False,False
2024,United States Grand Prix,19,sprint_qualifying,45,COL,GAS,11,10,10,11,1,True,True,False,True,False,False,False
2024,United States Grand Prix,19,sprint_qualifying,45,OCO,BOT,16,15,15,17,1,True,False,False,True,False,False,False
2024,United States Grand Prix,19,sprint_qualifying,45,RUS,HUL,8,7,7,8,1,True,True,False,True,False,False,False
2024,United States Grand Prix,19,sprint_qualifying,45,STR,BOT,17,16,15,17,1,False,True,False,True,False,False,False
2024,United States Grand Prix,19,sprint_qualifying,46,ALB,BOT,18,17,17,18,1,True,True,False,True,False,False,False
2024,United States Grand Prix,19,sprint_qualifying,47,MAG,GAS,12,11,11,12,1,True,True,False,True,False,False,False
2024,United States Grand Prix,19,sprint_qualifying,52,NOR,VER,4,3,3,4,1,True,True,False,True,False,False,False
2024,United States Grand Prix,19,sprint_qualifying,55,RUS,PER,7,6,6,7,1,True,True,False,True,False,False,False
2024,Mexico City Grand Prix,20,conventional,9,SAI,VER,2,1,1,2,1,True,True,False,True,False,False,False
2024,Mexico City Grand Prix,20,conventional,10,LEC,NOR,4,2,3,4,2,True,False,False,True,False,False,False
2024,Mexico City Grand Prix,20,conventional,10,LEC,VER,4,2,2,3,2,False,True,False,True,False,False,False
2024,Mexico City Grand Prix,20,conventional,10,PIA,ZHO,17,16,16,17,1,True,True,False,True,False,False,False
2024,Mexico City Grand Prix,20,conventional,11,PER,ALO,13,12,12,13,1,True,True,False,False,False,False,False
2024,Mexico City Grand Prix,20,conventional,12,PER,STR,12,11,11,12,1,True,True,False,True,False,False,False
2024,Mexico City Grand Prix,20,conventional,13,PIA,BOT,16,15,15,16,1,True,True,False,True,False,False,False
2024,Mexico City Grand Prix,20,conventional,15,RUS,HAM,6,5,5,6,1,True,True,False,True,False,False,False
2024,Mexico City Grand Prix,20,conventional,21,PIA,COL,13,12,12,13,1,True,True,False,True,False,False,False
2024,Mexico City Grand Prix,20,conventional,24,PIA,STR,12,11,11,12,1,True,True,False,True,False,False,False
2024,Mexico City Grand Prix,20,conventional,28,OCO,ZHO,14,13,13,14,1,True,True,False,True,False,False,False
2024,Mexico City Grand Prix,20,conventional,29,VER,ZHO,15,13,14,14,2,True,True,False,True,False,False,False
2024,Mexico City Grand Prix,20,conventional,30,VER,OCO,13,11,12,12,2,True,True,False,True,False,False,False
2024,Mexico City Grand Prix,20,conventional,31,HAM,COL,9,7,8,8,2,True,True,False,True,False,False,False
2024,Mexico City Grand Prix,20,conventional,32,VER,BOT,10,9,9,10,1,True,True,False,True,False,False,False
2024,Mexico City Grand Prix,20,conventional,33,GAS,ZHO,15,14,14,15,1,True,True,False,True,False,False,False
2024,Mexico City Grand Prix,20,conventional,33,MAG,OCO,12,11,11,12,1,True,True,False,True,False,False,False
2024,Mexico City Grand Prix,20,conventional,34,HAM,LAW,7,6,5,7,1,False,True,False,True,False,False,False
2024,Mexico City Grand Prix,20,conventional,34,HUL,OCO,13,12,12,13,1,True,True,False,True,False,False,False
2024,Mexico City Grand Prix,20,conventional,34,PIA,LAW,6,5,5,7,1,True,False,False,True,False,False,False
2024,Mexico City Grand Prix,20,conventional,35,HAM,PIA,6,5,5,6,1,True,True,False,True,False,False,False
2024,Mexico City Grand Prix,20,conventional,36,MAG,BOT,11,10,10,11,1,True,True,False,True,False,False,False
2024,Mexico City Grand Prix,20,conventional,36,VER,COL,9,8,8,9,1,True,True,False,True,False,False,False
2024,Mexico City Grand Prix,20,conventional,37,GAS,OCO,14,13,13,14,1,True,True,False,True,False,False,False
2024,Mexico City Grand Prix,20,conventional,37,HUL,BOT,12,11,11,12,1,True,True,False,True,False,False,False
2024,Mexico City Grand Prix,20,conventional,38,VER,LAW,8,7,7,8,1,True,True,False,True,False,False,False
2024,Mexico City Grand Prix,20,conventional,40,MAG,COL,9,7,8,8,2,True,True,False,True,False,False,False
2024,Mexico City Grand Prix,20,conventional,40,STR,PER,17,15,16,16,2,True,True,False,True,False,False,False
2024,Mexico City Grand Prix,20,conventional,42,STR,ZHO,15,14,14,15,1,True,True,False,True,False,False,False
2024,Mexico City Grand Prix,20,conventional,43,GAS,BOT,11,10,10,12,1,True,False,False,True,False,False,False
2024,Mexico City Grand Prix,20,conventional,43,HUL,COL,9,8,8,9,1,True,True,False,True,False,False,False
2024,Mexico City Grand Prix,20,conventional,43,PIA,BOT,12,11,10,12,1,False,True,False,True,False,False,False
2024,Mexico City Grand Prix,20,conventional,44,PIA,GAS,11,10,10,11,1,True,True,False,True,False,False,False
2024,Mexico City Grand Prix,20,conventional,46,PER,ZHO,17,16,16,17,1,True,True,False,True,False,False,False
2024,Mexico City Grand Prix,20,conventional,56,PIA,HUL,9,8,8,9,1,True,True,False,True,False,False,False
2024,Mexico City Grand Prix,20,conventional,63,NOR,LEC,3,2,2,3,1,True,True,False,True,False,False,False
2024,Mexico City Grand Prix,20,conventional,66,HAM,RUS,5,4,4,5,1,True,True,False,True,False,False,False
2024,Mexico City Grand Prix,20,conventional,70,OCO,BOT,14,13,13,14,1,True,True,False,True,False,False,False
2024,São Paulo Grand Prix,21,sprint_qualifying,2,VER,HAM,11,10,10,11,1,True,True,False,False,False,False,True
2024,São Paulo Grand Prix,21,sprint_qualifying,4,BOT,BEA,15,14,13,17,1,False,False,False,True,False,False,False
2024,São Paulo Grand Prix,21,sprint_qualifying,4,HUL,BEA,14,13,13,17,1,True,False,False,True,False,False,False
2024,São Paulo Grand Prix,21,sprint_qualifying,4,SAI,BEA,17,15,13,17,2,False,False,False,True,False,False,False
2024,São Paulo Grand Prix,21,sprint_qualifying,4,SAI,ZHO,17,15,16,16,2,True,True,False,True,False,False,False
2024,São Paulo Grand Prix,21,sprint_qualifying,4,ZHO,BEA,16,16,13,17,0,False,True,False,True,False,False,False
2024,São Paulo Grand Prix,21,sprint_qualifying,5,BEA,ZHO,17,16,16,18,1,True,False,False,True,False,False,False
2024,São Paulo Grand Prix,21,sprint_qualifying,5,PER,ZHO,18,17,16,18,1,False,True,False,True,False,False,False
2024,São Paulo Grand Prix,21,sprint_qualifying,5,VER,GAS,10,9,9,10,1,True,True,False,True,False,False,False
2024,São Paulo Grand Prix,21,sprint_qualifying,6,HUL,COL,13,12,12,13,1,True,True,False,True,False,False,False
2024,São Paulo Grand Prix,21,sprint_qualifying,6,VER,ALO,9,8,8,9,1,True,True,False,True,False,False,False
2024,São Paulo Grand Prix,21,sprint_qualifying,10,VER,PIA,8,7,7,8,1,True,True,False,True,False,False,False
2024,São Paulo Grand Prix,21,sprint_qualifying,11,HUL,HAM,12,11,11,12,1,True,True,False,True,False,False,False
2024,São Paulo Grand Prix,21,sprint_qualifying,11,VER,LAW,7,6,6,7,1,True,True,False,True,False,False,False
2024,São Paulo Grand Prix,21,sprint_qualifying,12,BEA,BOT,16,15,14,17,1,False,False,False,True,False,False,False
2024,São Paulo Grand Prix,21,sprint_qualifying,12,COL,HAM,13,12,12,13,1,True,True,False,True,False,False,False
2024,São Paulo Grand Prix,21,sprint_qualifying,12,PER,BOT,17,16,14,17,1,False,True,False,True,False,False,False
2024,São Paulo Grand Prix,21,sprint_qualifying,12,SAI,BOT,15,14,14,17,1,True,False,False,True,False,False,False
2024,São Paulo Grand Prix,21,sprint_qualifying,16,GAS,ALO,10,9,9,10,1,True,True,False,True,False,False,False
2024,São Paulo Grand Prix,21,sprint_qualifying,18,SAI,HAM,14,13,13,14,1,True,True,False,True,False,False,False
2024,São Paulo Grand Prix,21,sprint_qualifying,19,BEA,HAM,15,14,14,15,1,True,True,False,True,False,False,False
2024,São Paulo Grand Prix,21,sprint_qualifying,22,BEA,SAI,14,13,13,15,1,True,False,False,True,False,False,False
2024,São Paulo Grand Prix,21,sprint_qualifying,22,HAM,SAI,15,14,13,15,1,False,True,False,True,False,False,False
2024,São Paulo Grand Prix,21,sprint_qualifying,23,BEA,COL,13,12,12,14,1,True,False,False,True,False,False,False
2024,São Paulo Grand Prix,21,sprint_qualifying,23,HAM,COL,14,13,12,14,1,False,True,False,True,False,False,False
2024,São Paulo Grand Prix,21,sprint_qualifying,26,ALO,LAW,9,8,6,9,1,False,True,False,True,False,False,False
2024,São Paulo Grand Prix,21,sprint_qualifying,26,GAS,LAW,8,6,6,9,2,False,False,False,True,False,False,False
2024,São Paulo Grand Prix,21,sprint_qualifying,26,GAS,PIA,8,6,7,7,2,True,True,False,True,False,False,False
2024,São Paulo Grand Prix,21,sprint_qualifying,26,PIA,LAW,7,7,6,9,0,True,False,False,True,False,False,False
2024,São Paulo Grand Prix,21,sprint_qualifying,27,OCO,TSU,4,3,3,4,1,True,True,False,False,False,False,False
2024,São Paulo Grand Prix,21,sprint_qualifying,35,BEA,BOT,15,14,13,15,1,False,True,False,True,False,False,False
2024,São Paulo Grand Prix,21,sprint_qualifying,35,SAI,BOT,14,13,13,15,1,True,False,False,True,False,False,False
2024,São Paulo Grand Prix,21,sprint_qualifying,36,BOT,BEA,15,14,14,16,1,True,False,False,True,False,False,False
2024,São Paulo Grand Prix,21,sprint_qualifying,36,ZHO,BEA,16,15,14,16,1,False,True,False,True,False,False,False
2024,São Paulo Grand Prix,21,sprint_qualifying,43,BEA,ALO,15,12,10,15,3,False,False,False,False,False,False,False
2024,São Paulo Grand Prix,21,sprint_qualifying,43,BEA,BOT,15,12,13,13,3,False,True,False,False,False,False,False
2024,São Paulo Grand Prix,21,sprint_qualifying,43,BEA,ZHO,15,12,14,14,3,True,False,False,False,False,False,False
2024,São Paulo Grand Prix,21,sprint_qualifying,43,BOT,ALO,13,13,10,15,0,False,False,False,False,False,False,False
2024,São Paulo Grand Prix,21,sprint_qualifying,43,LAW,ALO,11,9,10,15,2,True,False,False,False,False,False,False
2024,São Paulo Grand Prix,21,sprint_qualifying,43,LAW,HAM,11,9,9,11,2,False,False,False,False,False,False,False
2024,São Paulo Grand Prix,21,sprint_qualifying,43,LEC,NOR,6,4,5,7,2,True,False,False,False,False,False,False
2024,São Paulo Grand Prix,21,sprint_qualifying,43,LEC,RUS,6,4,4,5,2,False,True,False,False,False,False,False
2024,São Paulo Grand Prix,21,sprint_qualifying,43,PER,ALO,12,10,10,15,2,False,False,False,False,False,False,False
2024,São Paulo Grand Prix,21,sprint_qualifying,43,PER,HAM,12,10,9,11,2,False,True,False,False,False,False,False
2024,São Paulo Grand Prix,21,sprint_qualifying,43,PIA,NOR,7,6,5,7,1,False,True,False,False,False,False,False
2024,São Paulo Grand Prix,21,sprint_qualifying,43,VER,OCO,2,1,1,2,1,True,True,False,False,False,False,False
2024,São Paulo Grand Prix,21,sprint_qualifying,43,ZHO,ALO,14,14,10,15,0,False,True,False,False,False,False,False
2024,São Paulo Grand Prix,21,sprint_qualifying,46,NOR,PIA,7,6,6,7,1,True,True,False,True,False,False,False
2024,São Paulo Grand Prix,21,sprint_qualifying,46,RUS,LEC,5,4,4,5,1,True,True,False,True,False,False,False
2024,São Paulo Grand Prix,21,sprint_qualifying,55,HAM,PER,11,10,10,11,1,True,True,False,True,False,False,False
2024,São Paulo Grand Prix,21,sprint_qualifying,58,ALO,ZHO,15,14,14,15,1,True,True,False,True,False,False,False
2024,Las Vegas Grand Prix,22,conventional,2,ALO,MAG,15,14,14,15,1,True,True,False,False,False,False,True
2024,Las Vegas Grand Prix,22,conventional,2,HUL,PIA,9,8,8,9,1,True,True,False,False,False,False,True
2024,Las Vegas Grand Prix,22,conventional,2,PER,ALB,17,16,16,17,1,True,True,False,False,False,False,True
2024,Las Vegas Grand Prix,22,conventional,4,VER,GAS,5,4,4,5,1,True,True,False,True,False,False,False
2024,Las Vegas Grand Prix,22,conventional,5,PIA,HUL,9,8,8,9,1,True,True,False,True,False,False,False
2024,Las Vegas Grand Prix,22,conventional,6,HAM,HUL,10,9,9,10,1,True,True,False,True,False,False,False
2024,Las Vegas Grand Prix,22,conventional,7,PER,MAG,15,14,14,15,1,True,True,False,True,False,False,False
2024,Las Vegas Grand Prix,22,conventional,7,SAI,LEC,3,2,2,3,1,True,True,False,True,False,False,False
2024,Las Vegas Grand Prix,22,conventional,8,HAM,PIA,9,8,8,9,1,True,True,False,True,False,False,False
2024,Las Vegas Grand Prix,22,conventional,8,NOR,GAS,6,5,5,6,1,True,True,False,True,False,False,False
2024,Las Vegas Grand Prix,22,conventional,8,VER,LEC,4,3,3,4,1,True,True,False,True,False,False,False
2024,Las Vegas Grand Prix,22,conventional,9,HAM,TSU,8,5,7,6,3,True,True,False,True,False,False,False
2024,Las Vegas Grand Prix,22,conventional,9,PER,LAW,14,13,13,14,1,True,True,False,True,False,False,False
2024,Las Vegas Grand Prix,22,conventional,13,LEC,BOT,10,7,7,10,3,False,False,False,True,False,False,False
2024,Las Vegas Grand Prix,22,conventional,13,LEC,COL,10,7,9,11,3,True,False,False,True,False,False,False
2024,Las Vegas Grand Prix,22,conventional,13,LEC,MAG,10,7,6,8,3,False,True,False,True,False,False,False
2024,Las Vegas Grand Prix,22,conventional,13,NOR,BOT,11,9,7,10,2,False,True,False,True,False,False,False
2024,Las Vegas Grand Prix,22,conventional,13,NOR,COL,11,9,9,11,2,False,False,False,True,False,False,False
2024,Las Vegas Grand Prix,22,conventional,13,PER,HUL,4,3,3,4,1,True,True,False,True,False,False,False
2024,Las Vegas Grand Prix,22,conventional,13,SAI,BOT,8,6,7,10,2,True,False,False,True,False,False,False
2024,Las Vegas Grand Prix,22,conventional,13,SAI,MAG,8,6,6,8,2,False,False,False,True,False,False,False
2024,Las Vegas Grand Prix,22,conventional,14,NOR,MAG,9,7,8,9,2,True,False,False,True,False,False,False
2024,Las Vegas Grand Prix,22,conventional,15,PIA,ALO,15,12,14,13,3,True,True,False,True,False,False,False
2024,Las Vegas Grand Prix,22,conventional,15,TSU,BOT,12,9,10,10,3,False,True,False,True,False,False,False
2024,Las Vegas Grand Prix,22,conventional,15,TSU,COL,12,9,11,11,3,True,False,False,True,False,False,False
2024,Las Vegas Grand Prix,22,conventional,15,VER,PER,3,2,2,3,1,True,True,False,True,False,False,False
2024,Las Vegas Grand Prix,22,conventional,16,HAM,NOR,7,6,6,7,1,True,True,False,True,False,False,False
2024,Las Vegas Grand Prix,22,conventional,16,PIA,BOT,12,10,10,11,2,False,True,False,True,False,False,False
2024,Las Vegas Grand Prix,22,conventional,16,SAI,PER,4,3,3,4,1,True,True,False,True,False,False,False
2024,Las Vegas Grand Prix,22,conventional,16,TSU,MAG,9,8,8,9,1,True,True,False,True,False,False,False
2024,Las Vegas Grand Prix,22,conventional,18,ALB,ALO,11,9,10,10,2,True,True,False,True,False,False,False
2024,Las Vegas Grand Prix,22,conventional,19,HUL,ALO,11,10,10,11,1,True,True,False,True,False,False,False
2024,Las Vegas Grand Prix,22,conventional,22,HUL,ALB,10,9,9,10,1,True,True,False,True,False,False,False
2024,Las Vegas Grand Prix,22,conventional,23,ZHO,ALO,12,11,11,12,1,True,True,False,True,False,False,False
2024,Las Vegas Grand Prix,22,conventional,24,PER,LAW,14,12,13,13,2,True,True,False,True,False,False,False
2024,Las Vegas Grand Prix,22,conventional,26,PER,ZHO,11,9,10,10,2,True,True,False,True,False,False,False
2024,Las Vegas Grand Prix,22,conventional,27,LEC,SAI,4,2,3,4,2,True,False,False,True,False,False,False
2024,Las Vegas Grand Prix,22,conventional,28,OCO,LAW,12,11,11,12,1,True,True,False,True,False,False,False
2024,Las Vegas Grand Prix,22,conventional,30,PIA,LAW,13,11,12,12,2,True,True,False,True,False,False,False
2024,Las Vegas Grand Prix,22,conventional,31,HAM,VER,5,3,3,4,2,False,True,False,True,False,False,False
2024,Las Vegas Grand Prix,22,conventional,31,PIA,OCO,11,10,10,11,1,True,True,False,True,False,False,False
2024,Las Vegas Grand Prix,22,conventional,32,COL,BOT,17,16,16,17,1,True,True,False,True,False,False,False
2024,Las Vegas Grand Prix,22,conventional,32,PIA,ZHO,10,9,9,10,1,True,True,False,True,False,False,False
2024,Las Vegas Grand Prix,22,conventional,34,TSU,LAW,12,9,11,10,3,True,True,False,True,False,False,False
2024,Las Vegas Grand Prix,22,conventional,35,TSU,OCO,9,8,8,9,1,True,True,False,True,False,False,False
2024,Las Vegas Grand Prix,22,conventional,36,ALO,LAW,12,11,10,12,1,False,True,False,True,False,False,False
2024,Las Vegas Grand Prix,22,conventional,36,HUL,LAW,11,9,10,12,2,True,False,False,True,False,False,False
2024,Las Vegas Grand Prix,22,conventional,36,HUL,OCO,11,9,9,10,2,False,True,False,True,False,False,False
2024,Las Vegas Grand Prix,22,conventional,37,ALO,OCO,11,10,10,11,1,True,True,False,True,False,False,False
2024,Las Vegas Grand Prix,22,conventional,37,PER,LAW,14,12,12,13,2,False,True,False,True,False,False,False
2024,Las Vegas Grand Prix,22,conventional,37,PER,MAG,14,12,13,14,2,True,False,False,True,False,False,False
2024,Las Vegas Grand Prix,22,conventional,39,PER,OCO,12,11,11,12,1,True,True,False,True,False,False,False
2024,Las Vegas Grand Prix,22,conventional,40,MAG,OCO,13,12,12,13,1,True,True,False,True,False,False,False
2024,Las Vegas Grand Prix,22,conventional,41,COL,OCO,14,13,13,14,1,True,True,False,True,False,False,False
2024,Las Vegas Grand Prix,22,conventional,41,SAI,VER,4,3,3,4,1,True,True,False,True,False,False,False
2024,Las Vegas Grand Prix,22,conventional,44,HUL,TSU,9,8,8,9,1,True,True,False,True,False,False,False
2024,Las Vegas Grand Prix,22,conventional,44,ZHO,OCO,15,14,14,15,1,True,True,False,True,False,False,False
2024,Las Vegas Grand Prix,22,conventional,45,PER,ALO,11,10,10,11,1,True,True,False,True,False,False,False
2024,Las Vegas Grand Prix,22,conventional,46,LEC,VER,5,4,4,5,1,True,True,False,False,False,False,False
2024,Las Vegas Grand Prix,22,conventional,50,ZHO,COL,14,13,13,14,1,True,True,False,True,False,False,False
2024,Qatar Grand Prix,23,sprint_qualifying,5,ALB,LAW,16,15,14,18,1,False,False,False,False,False,False,False
2024,Qatar Grand Prix,23,sprint_qualifying,5,HAM,ALO,9,8,8,11,1,True,False,False,False,False,False,False
2024,Qatar Grand Prix,23,sprint_qualifying,5,HUL,LAW,18,16,14,18,2,False,False,False,False,False,False,False
2024,Qatar Grand Prix,23,sprint_qualifying,5,HUL,STR,18,16,17,17,2,True,True,False,False,False,False,False
2024,Qatar Grand Prix,23,sprint_qualifying,5,MAG,ALO,11,10,8,11,1,False,True,False,False,False,False,False
2024,Qatar Grand Prix,23,sprint_qualifying,5,PIA,LEC,5,4,4,5,1,True,True,False,False,False,False,False
2024,Qatar Grand Prix,23,sprint_qualifying,5,STR,LAW,17,17,14,18,0,False,True,False,False,False,False,False
2024,Qatar Grand Prix,23,sprint_qualifying,5,TSU,ALO,10,9,8,11,1,False,False,False,False,False,False,False
2024,Qatar Grand Prix,23,sprint_qualifying,5,ZHO,BOT,15,13,13,14,2,False,True,False,False,False,False,False
2024,Qatar Grand Prix,23,sprint_qualifying,5,ZHO,LAW,15,13,14,18,2,True,False,False,False,False,False,False
2024,Qatar Grand Prix,23,sprint_qualifying,6,GAS,ALO,12,11,11,12,1,True,True,False,True,False,False,False
2024,Qatar Grand Prix,23,sprint_qualifying,10,MAG,TSU,10,9,9,10,1,True,True,False,True,False,False,False
2024,Qatar Grand Prix,23,sprint_qualifying,13,GAS,TSU,11,10,10,11,1,True,True,False,True,False,False,False
2024,Qatar Grand Prix,23,sprint_qualifying,14,ALO,TSU,12,11,11,12,1,True,True,False,True,False,False,False
2024,Qatar Grand Prix,23,sprint_qualifying,15,ZHO,TSU,13,12,12,13,1,True,True,False,True,False,False,False
2024,Qatar Grand Prix,23,sprint_qualifying,20,BOT,TSU,14,13,13,14,1,True,True,False,True,False,False,False
2024,Qatar Grand Prix,23,sprint_qualifying,34,RUS,ALO,10,8,9,9,2,True,True,False,True,False,False,False
2024,Qatar Grand Prix,23,sprint_qualifying,40,ALO,ZHO,9,8,8,9,1,True,True,False,False,False,False,False
2024,Qatar Grand Prix,23,sprint_qualifying,40,RUS,GAS,6,5,5,6,1,True,True,False,False,False,False,False
2024,Qatar Grand Prix,23,sprint_qualifying,43,ALB,MAG,11,10,10,11,1,True,True,False,False,False,False,False
2024,Qatar Grand Prix,23,sprint_qualifying,43,BOT,HAM,13,12,12,14,1,True,False,False,False,False,False,False
2024,Qatar Grand Prix,23,sprint_qualifying,43,TSU,HAM,14,13,12,14,1,False,True,False,False,False,False,False
2024,Qatar Grand Prix,23,sprint_qualifying,45,HAM,TSU,14,13,13,14,1,True,True,False,True,False,False,False
2024,Qatar Grand Prix,23,sprint_qualifying,46,HAM,BOT,13,11,12,12,2,True,True,False,True,False,False,False
2024,Qatar Grand Prix,23,sprint_qualifying,49,MAG,ALB,10,9,9,10,1,True,True,False,True,False,False,False
2024,Qatar Grand Prix,23,sprint_qualifying,51,NOR,LAW,14,13,13,14,1,True,True,False,True,False,False,False
2024,Qatar Grand Prix,23,sprint_qualifying,52,NOR,TSU,13,12,12,13,1,True,True,False,True,False,False,False
2024,Qatar Grand Prix,23,sprint_qualifying,53,BOT,ALB,11,10,10,12,1,True,False,False,True,False,False,False
2024,Qatar Grand Prix,23,sprint_qualifying,53,NOR,ALB,12,11,10,12,1,False,True,False,True,False,False,False
2024,Qatar Grand Prix,23,sprint_qualifying,54,NOR,BOT,11,10,10,11,1,True,True,False,True,False,False,False
2024,Qatar Grand Prix,23,sprint_qualifying,55,HAM,LAW,15,13,14,15,2,True,False,False,True,False,False,False
2024,Qatar Grand Prix,23,sprint_qualifying,56,HAM,TSU,13,12,12,13,1,True,True,False,True,False,False,False
2024,Abu Dhabi Grand Prix,24,conventional,3,TSU,DOO,17,16,16,17,1,True,True,False,False,False,False,False
2024,Abu Dhabi Grand Prix,24,conventional,3,VER,LAW,11,10,10,11,1,True,True,False,False,False,False,False
2024,Abu Dhabi Grand Prix,24,conventional,6,VER,STR,10,9,9,10,1,True,True,False,True,False,False,False
2024,Abu Dhabi Grand Prix,24,conventional,7,LEC,MAG,8,7,7,8,1,True,True,False,True,False,False,False
2024,Abu Dhabi Grand Prix,24,conventional,9,VER,MAG,9,8,8,9,1,True,True,False,True,False,False,False
2024,Abu Dhabi Grand Prix,24,conventional,10,LEC,ALO,7,6,6,7,1,True,True,False,True,False,False,False
2024,Abu Dhabi Grand Prix,24,conventional,12,HAM,LAW,12,10,10,11,2,False,True,False,True,False,False,False
2024,Abu Dhabi Grand Prix,24,conventional,12,LEC,HUL,6,5,5,6,1,True,True,False,True,False,False,False
2024,Abu Dhabi Grand Prix,24,conventional,12,VER,ALO,8,7,7,8,1,True,True,False,True,False,False,False
2024,Abu Dhabi Grand Prix,24,conventional,14,PIA,STR,14,13,13,14,1,True,True,False,True,False,False,False
2024,Abu Dhabi Grand Prix,24,conventional,17,GAS,TSU,9,8,8,9,1,True,True,False,True,False,False,False
2024,Abu Dhabi Grand Prix,24,conventional,17,HUL,DOO,11,10,10,11,1,True,True,False,True,False,False,False
2024,Abu Dhabi Grand Prix,24,conventional,19,HUL,TSU,10,9,9,10,1,True,True,False,True,False,False,False
2024,Abu Dhabi Grand Prix,24,conventional,24,LEC,GAS,7,6,6,7,1,True,True,False,True,False,False,False
2024,Abu Dhabi Grand Prix,24,conventional,25,DOO,BOT,18,16,17,17,2,True,True,False,True,False,False,False
2024,Abu Dhabi Grand Prix,24,conventional,36,VER,ALO,9,8,8,9,1,True,True,False,True,False,False,False
2024,Abu Dhabi Grand Prix,24,conventional,38,PIA,STR,15,14,14,15,1,True,True,False,True,False,False,False
2024,Abu Dhabi Grand Prix,24,conventional,39,PIA,DOO,14,13,13,14,1,True,True,False,True,False,False,False
2024,Abu Dhabi Grand Prix,24,conventional,40,HAM,HUL,7,6,6,7,1,True,True,False,True,False,False,False
2024,Abu Dhabi Grand Prix,24,conventional,40,STR,DOO,15,13,14,14,2,True,True,False,True,False,False,False
2024,Abu Dhabi Grand Prix,24,conventional,42,HAM,GAS,6,5,5,6,1,True,True,False,True,False,False,False
2024,Abu Dhabi Grand Prix,24,conventional,43,VER,HUL,8,7,7,8,1,True,True,False,True,False,False,False
2024,Abu Dhabi Grand Prix,24,conventional,45,ALO,TSU,11,10,10,11,1,True,True,False,True,False,False,False
2024,Abu Dhabi Grand Prix,24,conventional,45,VER,GAS,7,6,6,7,1,True,True,False,True,False,False,False
2024,Abu Dhabi Grand Prix,24,conventional,48,PIA,TSU,12,11,11,12,1,True,True,False,True,False,False,False
2024,Abu Dhabi Grand Prix,24,conventional,51,ALO,ALB,10,9,9,10,1,True,True,False,True,False,False,False
2024,Abu Dhabi Grand Prix,24,conventional,51,ZHO,DOO,15,14,14,15,1,True,True,False,True,False,False,False
2024,Abu Dhabi Grand Prix,24,conventional,53,PIA,ALB,11,10,10,11,1,True,True,False,True,False,False,False
2024,Abu Dhabi Grand Prix,24,conventional,55,STR,TSU,13,12,12,13,1,True,True,False,True,False,False,False
2024,Abu Dhabi Grand Prix,24,conventional,58,HAM,RUS,5,4,4,5,1,True,True,False,True,False,False,False
